URL,Status,Response Code,Protocol,Method,Content-Type,Client Address,Client Port,Remote Address,Remote Port,Exception,Request Start Time,Request End Time,Response Start Time,Response End Time,Duration (ms),DNS Duration (ms),Connect Duration (ms),SSL Duration (ms),Request Duration (ms),Response Duration (ms),Latency (ms),Speed (KB/s),Request Speed (KB/s),Response Speed (KB/s),Request Handshake Size (bytes),Request Header Size (bytes),Request Body Size (bytes),Response Handshake Size (bytes),Response Header Size (bytes),Response Body Size (bytes),Request Compression,Response Compression
https://c.amazon-adsystem.com/aps_mobile_client_config.json,COMPLETE,200,https,GET,application/json,/192.168.29.247,37531,c.amazon-adsystem.com/108.158.244.162,443,,26/03/23 23:43,26/03/23 23:43,26/03/23 23:43,26/03/23 23:43,80.0,41.0,8.0,23.0,0.0,0.0,8.0,446.1543,0.0,0.0,1418.0,201,,34467.0,0.0,463.0,,
https://mads.amazon-adsystem.com/msdk/getConfig?testMode=false&sdkVer=aps-android-9.6.2-admob&osVersion=6.0.1&segmentId=414&fp=false&appId=eebe6519-279d-42d4-96b1-cacdacdaa545&pkg=%7B%22lbl%22%3A%22ShareChat%22%2C%22pn%22%3A%22in.mohalla.sharechat%22%2C%22v%22%3A%22230411%22%2C%22vn%22%3A%222023.4.11%22%7D&dinfo=%7B%22os%22%3A%22Android%22%2C%22model%22%3A%22ASUS_X00ADC%22%2C%22make%22%3A%22asus%22%2C%22hwv%22%3A%22ASUS_X00AD_2%22%2C%22osVersion%22%3A%226.0.1%22%2C%22language%22%3A%22en%22%2C%22screenSize%22%3A%22360x640%22%2C%22scalingFactor%22%3A%222.0%22%2C%22ppi%22%3A%22295%22%2C%22orientation%22%3A%22portrait%22%2C%22connectionType%22%3A%22Wifi%22%7D&os=android,COMPLETE,200,https,GET,application/json;charset=UTF-8,/192.168.29.247,44580,mads.amazon-adsystem.com/52.94.224.25,443,,26/03/23 23:43,26/03/23 23:43,26/03/23 23:43,26/03/23 23:43,1034.0,83.0,229.0,466.0,1.0,1.0,254.0,35.708008,2218.75,34704.1,1430.0,842,,34378.0,0.0,1159.0,,
https://pubads.g.doubleclick.net/gampad/ads?submodel=ASUS_X00ADC&adid_p=1&format=interstitial_mb&dv=224400003&hl=en&js=afma-sdk-a-v224400999.223712000.1&lv=223712200&ms=CqYDCqEDmsA_ATEaOQH2YOg5i5YR_9Y62J0xuugHgjcjhpYBI_mJIXxgNH_N_bGDJrOsiGxoywmBSVsxrIPYLYssB06yWRLeAgM5rCIb3z2hUNZmMUc8KCyuHzZd3QMqdpvq7AGBVB2Td2Pci18O0W5gf3zzNlIY3-IRzFxIcCFgAbq7r7wQ15_VkTJcPV62RcR2K2Woj6rTjIyWE0yEcxDO_P8ocLeGpYIuUlwGi3M8x1KPMELeT8MwHdINkpANWQmm_5uqPmZNl258q8hS7i294AEOPlIj8gdbXCdfZEONEfaEBPB6v8EhXmSIN8-9L5fiYmGeksFjerAQVqfs9AGF6dqqh4dQ80MEwBrGOcLfnIyBEVI6dwbsHzNMh5RKeFElSncMynNx0BlblX1PpzjsfcsREM5fCad8R4isIa3zgRdvUMfVgBur3N6Ne1S2IThKxqlmxNJCk4SZj9RkMF7vsQ8KUvx3OFMLUERvfcuHTeBsp7O9VNJQ6MQEHUylomwL1glEMuhaHkCh6rH1YmLkLqN3kW8nBJk_5GdzABbzfdZ23qroIAQSlQIKgAKuhTnxzg3PZKGN8s5_J0b1mnO0B38nO0iK8bkY11cFc_JZTV6S5ANUvVtAVaEotGQZBs8ks711mfs534CqWe9A--xHP_ohhkrr9N4plLGblDsspXdCigBCwma4iNmKFmhl_ONkPnmDVVxcSgwPUpC8pRA0LBD42gz6AZjIGV9XnVkqlQLTi2UgQbxW_2QgY0Os-VSFP4zhOZR_ip0cZoBQT_oQNVE5aUMJnIxWfmAr0E1-pliZFdGhc9QvcLGLEpSkJ8SuhZ8LKf19oyz8UAbijiJN91uXZ0gHXgJixc4L0ZPG9lMYhFckoUXn0xNmjesLFcRkmuDk3GSfb4aIBL-VEhByxUuV1TG6949Ysla2xLnV&mv=83451010.com.android.vending&vnm=2023.4.11&u_sd=2&request_id=1180128160&target_api=31&is_sidewinder=false&fbs_aeid=-8292826767825712951&fbs_aiid=cca3c74961533b72e6e19e7ddb110514&seq_num=1&eid=318496669%2C318500618%2C318486317%2C318491267%2C318483611%2C318484497%2C318508155%2C318508018%2C318502753%2C318484909&guci=0.0.0.0.0.0.0.0&cap=m&u_w=360&u_h=640&msid=in.mohalla.sharechat&an=230411.android.in.mohalla.sharechat&u_audio=3&net=wi&u_so=p&iaoa=true&rmr=true&aot=1&loeid=44766145&preqs_in_session=6&support_transparent_background=true&preqs=0&time_in_session=163730&output=html&region=mobile_app&u_tz=330&url=230411.android.in.mohalla.sharechat.adsenseformobileapps.com&gdfp_req=1&m_ast=afmajs&impl=ifr&iu=%2F21872722794%2FSC-APP-OPEN&sz=320x480&correlator=4497580355476298&gsb=wi&ogsb=wi&apm_app_id=1%3A412826138735%3Aandroid%3A0c6d127fc2128b94&gmp_app_id=1%3A412826138735%3Aandroid%3A0c6d127fc2128b94&apm_app_type=1&lite=0&vfmt=18&vst=0&sdkv=o.224400999.223712000.1&sdki=3c4d&caps=inlineVideo_interactiveVideo_mraid1_mraid2_mraid3_sdkVideo_exo3_th_autoplay_mediation_scroll_av_av_transparentBackground_sdkAdmobApiForAds_di_aso_sfv_dinm_dim_nav_navc_dinmo_ipdof_gls_gcache_sai_demuxedGcache_xSeconds&bisch=false&blev=0.58&canm=false&_mv=83451010.com.android.vending&heap_free=0&heap_max=268435456&heap_total=48943824&wv_count=0&rdps=2100&cust_params=excl_cat%26kvPairAppOpenExp%3Dcontrol%26ecpm%3D15%26appOpenAdsExp%3Dvariant-4&is_lat=false&blob=ABPQqLFQV10DdFtY105y5ZQmM7D-_BxLK7fCUQ3_295RR2xKNf57j32I2BYqwMYOiVZYyeXx4Gt7DkDIdJ7XeGvAA95y8L1gxv2JO7nCz3iiC5KEgg8CKpAYovT0eF9ur3jcH0-pCctDlBmtRoXqFq4NarsDfUbhUuaDRL9IYxwByfbq8wBQAyQq31Ex6BzNgupAe_Sp-9Bmw_N250TS4hRxQr6Uscrfrgpkq7fnu-4Ql7Rd7ZqcBWzUzBuCYF42Tu8l6wh2YkAHiGKdEaL7NxRMV5xHcTAHCiIoOYy1IENlRX23Ddzp6rBYS4RpU5FtWB7bmwK6GHcAOe1_kec&mr=6852228264171782636%2C-3403835092840676964&mr_itag=6852228264171782636_18~-3403835092840676964_22&jsv=sdk_20190107_RC02-production-sdk_20230315_RC00,COMPLETE,200,https,GET,text/html; charset=UTF-8,/192.168.29.247,49734,pubads.g.doubleclick.net/142.250.206.162,443,,26/03/23 23:43,26/03/23 23:43,26/03/23 23:43,26/03/23 23:43,633.0,,,,0.0,0.0,633.0,5.673828,0.0,0.0,,3678,,,0.0,0.0,,
https://googleads.g.doubleclick.net/getconfig/pubsetting?app_name=in.mohalla.sharechat&vnm=230411&eid=318496669%2C318496669%2C318500618%2C318486317%2C318491267%2C318483611%2C318484497%2C318508155%2C318508018%2C318502753%2C318484909&client=ca-app-pub-9738289674741718&admob_appcc=5300485228,COMPLETE,200,https,GET,application/json; charset=UTF-8,/192.168.29.247,46358,googleads.g.doubleclick.net/142.250.193.34,443,,26/03/23 23:43,26/03/23 23:43,26/03/23 23:43,26/03/23 23:43,196.0,25.0,5.0,27.0,1.0,2.0,136.0,19.391602,1458.9844,1170.8984,957.0,537,,372.0,392.0,1634.0,,91.70%
https://aax-eu.amazon-adsystem.com/s/api3/update_dev_info?oo=0&aud=3p&ua=Mozilla%2F5.0%20%28Linux%3B%20Android%206.0.1%3B%20ASUS_X00ADC%20Build%2FMMB29M%3B%20wv%29%20AppleWebKit%2F537.36%20%28KHTML%2C%20like%20Gecko%29%20Version%2F4.0%20Chrome%2F103.0.5060.129%20Mobile%20Safari%2F537.36&sdkVer=aps-android-9.6.2-admob&idfa=f7f1c790-bf46-44da-9565-f456352b38e9&appId=eebe6519-279d-42d4-96b1-cacdacdaa545&app=app&pkg=%7B%22lbl%22%3A%22ShareChat%22%2C%22pn%22%3A%22in.mohalla.sharechat%22%2C%22v%22%3A%22230411%22%2C%22vn%22%3A%222023.4.11%22%7D&dinfo=%7B%22os%22%3A%22Android%22%2C%22model%22%3A%22ASUS_X00ADC%22%2C%22make%22%3A%22asus%22%2C%22hwv%22%3A%22ASUS_X00AD_2%22%2C%22osVersion%22%3A%226.0.1%22%2C%22language%22%3A%22en%22%2C%22screenSize%22%3A%22360x640%22%2C%22scalingFactor%22%3A%222.0%22%2C%22ppi%22%3A%22295%22%2C%22orientation%22%3A%22portrait%22%2C%22connectionType%22%3A%22Wifi%22%7D&dt=android,COMPLETE,200,https,POST,text/plain;charset=ISO-8859-1,/192.168.29.247,45135,aax-eu.amazon-adsystem.com/52.95.115.196,443,,26/03/23 23:43,26/03/23 23:43,26/03/23 23:43,26/03/23 23:43,891.0,7.0,171.0,358.0,1.0,0.0,354.0,43.786133,2499.0234,0.0,1438.0,1121,0.0,37306.0,0.0,85.0,,
https://aax-eu.amazon-adsystem.com/s/api3/ping?adId=Awc9q3oSj0mAlmLRWCXzwN0&appId=eebe6519-279d-42d4-96b1-cacdacdaa545,COMPLETE,200,https,GET,text/plain;charset=ISO-8859-1,/192.168.29.247,45135,aax-eu.amazon-adsystem.com/52.95.115.196,443,,26/03/23 23:43,26/03/23 23:43,26/03/23 23:43,26/03/23 23:43,179.0,,,,1.0,0.0,178.0,1.5439453,253.90625,0.0,,260,,,0.0,23.0,,
https://aax.amazon-adsystem.com/e/msdk/ads,COMPLETE,200,https,POST,text/javascript;charset=UTF-8,/192.168.29.247,42465,aax.amazon-adsystem.com/108.158.223.239,443,,26/03/23 23:43,26/03/23 23:43,26/03/23 23:43,26/03/23 23:43,499.0,11.0,6.0,20.0,0.0,0.0,462.0,74.90137,0.0,0.0,1426.0,279,866.0,35487.0,0.0,215.0,,
https://aax.amazon-adsystem.com/e/msdk/ads,COMPLETE,200,https,POST,text/javascript;charset=UTF-8,/192.168.29.247,42465,aax.amazon-adsystem.com/108.158.223.239,443,,26/03/23 23:43,26/03/23 23:43,26/03/23 23:43,26/03/23 23:43,215.0,,,,0.0,1.0,214.0,7.838867,0.0,567.3828,,279,866.0,,0.0,581.0,,
https://aax.amazon-adsystem.com/e/msdk/ads,COMPLETE,200,https,POST,text/javascript;charset=UTF-8,/192.168.29.247,42465,aax.amazon-adsystem.com/108.158.223.239,443,,26/03/23 23:43,26/03/23 23:43,26/03/23 23:44,26/03/23 23:44,215.0,,,,0.0,0.0,215.0,7.848633,0.0,0.0,,279,866.0,,0.0,583.0,,
https://aax.amazon-adsystem.com/e/msdk/ads,COMPLETE,200,https,POST,text/javascript;charset=UTF-8,/192.168.29.247,42465,aax.amazon-adsystem.com/108.158.223.239,443,,26/03/23 23:44,26/03/23 23:44,26/03/23 23:44,26/03/23 23:44,219.0,,,,0.0,0.0,219.0,7.736328,0.0,0.0,,279,871.0,,0.0,585.0,,
https://c.amazon-adsystem.com/aps_mobile_client_config.json,COMPLETE,200,https,GET,application/json,/192.168.29.247,42393,c.amazon-adsystem.com/108.158.244.162,443,,26/03/23 23:44,26/03/23 23:44,26/03/23 23:44,26/03/23 23:44,62.0,2.0,33.0,19.0,0.0,0.0,8.0,577.6992,0.0,0.0,1546.0,201,,34467.0,0.0,463.0,,
https://pubads.g.doubleclick.net/gampad/ads?submodel=ASUS_X00ADC&native_templates=1%2C2%2C4%2C5&adid_p=1&format=336x280_as&native_version=3&omid_v=a.1.3.37-google_20220829&dv=224400003&hl=en&js=afma-sdk-a-v224400999.223712000.1&lv=223712200&ms=CuUDCuADmsA_ATEaOQH2YOg5i5YR_9Y62J0xuugHgjcjhpYBI_mJIXxgNH_N_bGDJrOsiGxoywmBSVsxrIPYLYssB06yWRKdAwM5rCIb3z2hUNZmMUc8KCyuHzZd3QMqdpvq7AGJVB2T-5HYYMzF-ZycseE5uLsp4N4sOuzsclWafiCPwmrcE7zshqonTfGTopZLZ6aSD8frEoPyQn89cuAJmSqmRA6Q3I7QH7n33PJoHZo4a3XUJWSeLSZaZOK6kMzWitKRkGRb8fngk0xxRJlW7wVT64O87jbiBcha33dxJi4SwvFnWLuZwnx6y8b11_MjfQOnAPIOqn3DAimJDkzd9HTa0k_NKfnVvhNmwDxFFg4rEaJCQwDSS0AWmDNBU56I4iN9y5EQIzM2Jwve7-AG3ZgjM-7cTSk3qNkt607a83aPktTGdZL5VSi8H3sI70YwKPL14BZfH2JjrzDAP1SopQ9W2mR9yJiRvbi3_MIMRBPCVfwCuKR8K0GfH01g4gpGQ4lj6G9_1X6tkt4sFSNSK8rHNHF8OhlPfS7VyjhJSjXtShywXRMukSKupQz0y7VJdOpd5sN6cQ9kZlynm0i8f37dxq0nwxBKDRshTssR_8HJ_QqMyshQLFz-wruMkMdl6k6LIAQSlQIKgAJG3NkZQtNsf6c1dwvB0FOAVXFPAEk7FF3XyLwVo06Wto48xiZSCidwPiXaI55TfjbZoi407-d1j6LAvPD3rliPlcMgK756FRTH-SUH04UlM-UalBzjq4Jtr_BSnKFu_JTqyQKhuQZmRUs2QckBmMDn8qun6P1TPkbrHha4cU1SERaTxjGwukTuxeOPzmlOG8gkF6RVVunEbAiCSFztv58gG4vE2M-lbBIPsuXOlCL_QFm4u1l7vNy6fHtoIim3zkGr9RPcuOePHcKoaqYFKazIUnyiLEeu5ZaWABI9DJKkBs5Z6xkQbxMOpQGTd_-ZyxKeOS16fn6ZRG4DFRWTv5ilEhAHTXUa2YgZcXE7FEB0ZOc7&mv=83451010.com.android.vending&sz=336x280%7C336x300%7C330x220%7C320x50%7C300x250%7C320x100%7C320x480%7C250x250%7C300x100&vnm=2023.4.11&ppid=5b02be4254236e4b017b3cac5fe5af54c85e5863e9bde2db62d80c8bca8dc8ea&u_sd=2&request_id=513806057&target_api=31&is_sidewinder=false&fbs_aeid=-8292826767825712947&fbs_aiid=cca3c74961533b72e6e19e7ddb110514&seq_num=4&eid=318496669%2C318500618%2C318486317%2C318491267%2C318483611%2C318484497%2C318508155%2C318508018%2C318502753%2C318484909&guci=0.0.0.0.0.0.0.0&sdk_apis=7%2C8&omid_p=Google%2Fafma-sdk-a-v224400999.223712000.1&supporting_urls=https%253A%2F%2Fsharechat.com%2Fpost%2FJPXZeZW%253Fd%253Dn%2Chttps%253A%2F%2Fsharechat.com%2Fpost%2FJZ7dPerA%253Fd%253Dn&cap=m&u_w=360&u_h=640&msid=in.mohalla.sharechat&an=230411.android.in.mohalla.sharechat&u_audio=3&net=wi&u_so=p&loeid=44766145&preqs_in_session=9&support_transparent_background=true&preqs=3&time_in_session=171720&output=html&region=mobile_app&u_tz=330&url=230411.android.in.mohalla.sharechat.adsenseformobileapps.com&gdfp_req=1&m_ast=afmajs&impl=ifr&iu=%2F21872722794%2FWhitelist_Post_feed_Non_Fullscreen&correlator=2920480005031994&gsb=wi&ogsb=wi&apm_app_id=1%3A412826138735%3Aandroid%3A0c6d127fc2128b94&gmp_app_id=1%3A412826138735%3Aandroid%3A0c6d127fc2128b94&apm_app_type=1&lite=0&caps=inlineVideo_interactiveVideo_mraid1_mraid2_mraid3_sdkVideo_exo3_th_autoplay_mediation_scroll_av_av_transparentBackground_sdkAdmobApiForAds_di_aso_sfv_dinm_dim_nav_navc_dinmo_ipdof_gls_gcache_sai_demuxedGcache_xSeconds&bisch=false&blev=0.58&canm=false&_mv=83451010.com.android.vending&heap_free=2722304&heap_max=268435456&heap_total=61944144&wv_count=2&rdps=2100&cust_params=excl_cat%26manufacturer%3Dasus%26advFcapVariant%3Dcontrol%26gamAdCacheConfigExp%3Dvariant-3%26adapBidNetAdsBlock%3Dcontrol%26arsCtrExperiment%3Dcontrol%26adUnitId%3D%2F21872722794%2FWhitelist_Post_feed_Non_Fullscreen%26arsdfexpv2%3Dcontrol%26devicePrice%3D10000%26forcedBidVariant%3Dcontrol%26amzn_b%3DJCqMibdY9fp_vnLw3FQxCj8AAAGHHyCPUwMAAA-qAgBhcHNfdHhuX2JpZDEgICBhcHNfdHhuX2ltcDEgICARvTIW%26amzn_h%3Daax.amazon-adsystem.com%26appkey%3Deebe6519-279d-42d4-96b1-cacdacdaa545%26decile%3D9%26arsDfExpV2Variant%3Dcontrol%26arsdfexp%3Dcontrol%26adsUuid%3D9c86206a-520e-4876-93f3-6cd4ec2e8d23%26networkAdUnitVariant%3Dcontrol%26ctrctvr_model%3DRT_CM_VTR_AVG%23CVR_REAL_TIME%23ALL_SEP_CALIB_DF%23DYNAMIC_DECILE_CALIB_ALLBM%23CVR_Sep_CALIB%23CONTROL_QS%23CONTROL_QS%23CPM_CALIB_DEFAULT%23WITHOUT_CVR_NORM%23register_iab_l0_l1_appv2%23dfm_transact_swiggy_chatroom%23DECILE_FLOOR_BID%23OCPC_TCPA%23COMMON_FACTOR%26amznrdr%3Ddefault%26userId%3D925967679%26adsShown%3D0%26adsTotal%3D0%26customFloorBidExp%3Dcontrol%26splashConfigAdsUuid%3Dsplash%23bb5052d2-43d2-4e73-bcc5-594a65ad5d9d%26ageRangeV2%3D25-34%26feedType%3Dtrending%26experiment%3Dcontrol%26networkSpeed%3D628145%26cesV2Variant%3Dcontrol%26dc%3Ddub%26isv%3Dfalse%26ecpm%3D29%26deviceAge%3D3%26amznp%3D1l5x4w0%26model%3DASUS_X00ADC%26firstFeed%3Dtrue%26carrier%3Dnull%26directOnPremiumExp%3Dcontrol%26ad_placement%3DTRENDING_FEED%26androidVersion%3D23%26gamDirectVariantSc%3Dvariant-3%26decileAdsBlockExp%3Dcontrol%26priceBucket%3D3%26ageRangeLow%3D25-34%26immersiveAdExp%3Dcontrol%26adsFetched%3D0%26realisedBidExp%3Dcontrol%26ageRange%3D25-34%26appVersion%3D230411%26gamFalconExpVariant%3Dcontrol%26amznslots%3D1sb4ohs%26fixPlaceBidVariant%3Dcontrol%26userLanguage%3DHindi%26a_adsuuid%3D9c86206a-520e-4876-93f3-6cd4ec2e8d23%26ageRangeHigh%3D25-34&is_lat=false&blob=ABPQqLFc3WjtoLc__VnaaJW_rV0fUAMKzMFU2kc6o-tLHBWXgFW-hmIJoN61hA9oWS88y4hYaz9yHFoupigbd_w8JH_zgwNg9sCkEuxtpBw4mu65pPDaU9tY5-DzuxUBMf3mmbZ5-5XI2yC8v2NAHLrUQEcVVm08VqoROcOe1gZY4LdjuACOS7MlbfumM4Mq669ePN8AKF7AAE8cbOmuTLhiF3s6P7zU3u6CwKfRsFYHDPCzSkS7j_Bt_K2mczwJnrTno7xqYNOOx1tCTLPR_3lXGHhJQB38cQWVwvWd2KbRC69QGOSXG7xrqq1LO5f0ipDqhlQrNJYRWYjoKaJhGnDVLkYBXY61-fd3iA9EiyQKzppzdMDvVpp9Jv-iI7C-bIcJUi01JrMbdaq3_-96JJH8Hbqqpu8uuhLRTMQJWzel3oqZ-hK7PuLzA6gvkALswZ4n0bwsmW_OLgktP2L684Vl3oM7P80JdgwG7r65J7ccmarNvOqtfjMVYbTZmIPfZl4NNRBszyjgymoDtwUxSdmR4wRr9Tyi4Sm-FtBt9KEctHgq0b8uDr4oRP9scM9_-BkxRCTFc2256z76VB6P7Xu6dr7eNOfhtxK9Gx6rlOmb4LXdOC66aJDbY3FHVWfzFZ4OivLlDjMW_Q-4FDN5NyvxbSkSsq4eG6PJmwO3qHyVAlCvOTLqnRmehYRF-NuZRnNuLf3XxpIoxs9tJXy1TLOBt6uLsASf-Wp7Uj0lKa2ShycbAYj7qvgYEkvf16BtjXAqWXXMMvRdrFFlQP1HFuOjWMwuuQJAB1e3WikHlQWXj5bMyiu7MePrpECijU7fnzkBQy7NKOfiGP1CRZws841uX6RROFqMyEM4ypCufHtMjWYHLxes-O_KfJJv6rhTmBw1jGbh7c6MKzeyeWdysMgvE3hQj8HHDPqyxvsNUKXqCga25s-aG8AXWO4Mb_KXxpNb68p1X9UAvilARc0jkmXPalbHaVOxpUl29LqggqhwAzq1XOPOh9MhwygVHDAwEWu4JYkJOZSu16kFpL3WjcPrFGT33arOHtXDBIjQZrAnfLDfMoBoGB6GBSkScSaE1TH9TAPTxVZtIWMbqFc&ina=true&iba=true&d_imp=1&swipeable=0&unr=true&rmr=true&a3p=Cm4SBggGEAwYABoGCAYQDBgAKjpjb20uZ29vZ2xlLmFkcy5tZWRpYXRpb24uZmFjZWJvb2suRmFjZWJvb2tNZWRpYXRpb25BZGFwdGVyOiAgAyocU2lnbmFsIGNvbGxlY3Rpb24gdGltZWQgb3V0Lg..&mr=6852228264171782636%2C-3403835092840676964&mr_itag=6852228264171782636_18~-3403835092840676964_22&jsv=sdk_20190107_RC02-production-sdk_20230315_RC00,COMPLETE,200,https,GET,text/html; charset=UTF-8,/192.168.29.247,43939,pubads.g.doubleclick.net/142.250.206.162,443,,26/03/23 23:44,26/03/23 23:44,26/03/23 23:44,26/03/23 23:44,442.0,,,,0.0,1.0,441.0,15.109375,0.0,0.0,,6839,,,0.0,0.0,,
https://pubads.g.doubleclick.net/gampad/ads?submodel=ASUS_X00ADC&adid_p=1&format=interstitial_mb&omid_v=a.1.3.37-google_20220829&dv=224400003&hl=en&js=afma-sdk-a-v224400999.223712000.1&lv=223712200&ms=CuUDCuADmsA_ATEaOQH2YOg5i5YR_9Y62J0xuugHgjcjhpYBI_mJIXxgNH_N_bGDJrOsiGxoywmBSVsxrIPYLYssB06yWRKdAwM5rCIb3z2hUNZmMUc8KCyuHzZd3QMqdpvq7AGJVB2T-5HYYMzF-ZycseE5uIYk4DVj_fh_T5oYU_gPAH92qz7EoizdiNZV_iHUMZG0_sRveUNTCKmZx-NgOa5l5h9TNrmozN6R2nviQiN4whi0pR_7wcaUjmusCm7_VkXyn84ZF3QCFWS4rCKYsO1_2pJFOEG5RqFlNjMvGl_cnK3vfi1TWVlFUtOR96NXqntREqTIOYlsMcIEncjIZYbbKT3mtlfPEUvLDFnVHOdPSbrTHhFs3mzL_lN-khK_a2GsbedcMLNGeoWj7qCPcmlKGl7a4ZjtLMeFkUXYcqJNIYOg7xpT_LbNF9Q_SeZPmY75auds_VF6ODy7k8U1DprKg9lIz3lYkgNdYUnUMMiIwQaJcSS8aZlydxD2_wp5v8B7nugDpNYeyok_oVTW8Cd5S2tQyXozKOtL0AXAFLY23XakdMhwFU9XjGUl9ueyKyA5S99zLTPMWZrzadMgu17q8gWf4c8hrLwrnbCVfa4q6LSAlmeg0i89dkBKY4o6eYzoIAQSlQIKgAIvQ8Ko2gBk8QTAcfS0t_VpvulKDonpE2Nydf-yOJL3NoE-veCpQP6f8iXeXUr1T3qlbtAaoNm2Y7Fkgv-w8kk98PbBHVGdXvbwn3TZfHQs_5-FC3oivwIwd-cIaQNNQsHaYAp8FIhDQOJn1IGRK-NHP3JKeEXs383JmrHzv1ybHHCbmOPJE7zCaUDiHGwWUUDdVc8kTZ0PIsnUlTKHu2TnGP_ED1tw2-Bgp5r-JFYArmCSvG7X1DER_u_FjXsKoRQ0jvmi1GqK3OWNayTxYaakmXdLQpgn6fdNntQMB2UAeCzDVmzqvh68UfiP_DNRTnbU3PK6WN2FIezjg0OWLRaVEhBJlH2-iCG_Dwv7ULjDssVQ&mv=83451010.com.android.vending&vnm=2023.4.11&u_sd=2&request_id=669547052&target_api=31&is_sidewinder=false&fbs_aeid=-8292826767825712946&fbs_aiid=cca3c74961533b72e6e19e7ddb110514&seq_num=5&eid=318496669%2C318500618%2C318486317%2C318491267%2C318483611%2C318484497%2C318508155%2C318508018%2C318502753%2C318484909&guci=0.0.0.0.0.0.0.0&sdk_apis=7%2C8&omid_p=Google%2Fafma-sdk-a-v224400999.223712000.1&cap=m&u_w=360&u_h=640&msid=in.mohalla.sharechat&an=230411.android.in.mohalla.sharechat&u_audio=3&net=wi&u_so=p&loeid=44766145&preqs_in_session=10&support_transparent_background=true&preqs=4&time_in_session=172110&output=html&region=mobile_app&u_tz=330&url=230411.android.in.mohalla.sharechat.adsenseformobileapps.com&gdfp_req=1&m_ast=afmajs&impl=ifr&iu=%2F21872722794%2Finterstitial&sz=320x480&oct_ist=1&correlator=150215036567955&gsb=wi&ogsb=wi&apm_app_id=1%3A412826138735%3Aandroid%3A0c6d127fc2128b94&gmp_app_id=1%3A412826138735%3Aandroid%3A0c6d127fc2128b94&apm_app_type=1&lite=0&vfmt=18&vst=0&sdkv=o.224400999.223712000.1&sdki=3c4d&caps=inlineVideo_interactiveVideo_mraid1_mraid2_mraid3_sdkVideo_exo3_th_autoplay_mediation_scroll_av_av_transparentBackground_sdkAdmobApiForAds_di_aso_sfv_dinm_dim_nav_navc_dinmo_ipdof_gls_gcache_sai_demuxedGcache_xSeconds&bisch=false&blev=0.58&canm=false&_mv=83451010.com.android.vending&heap_free=0&heap_max=268435456&heap_total=62924896&wv_count=2&rdps=2100&cust_params=excl_cat%26manufacturer%3Dasus%26advFcapVariant%3Dcontrol%26gamAdCacheConfigExp%3Dvariant-3%26adapBidNetAdsBlock%3Dcontrol%26arsCtrExperiment%3Dcontrol%26arsdfexpv2%3Dcontrol%26devicePrice%3D10000%26forcedBidVariant%3Dcontrol%26amzn_b%3DJE99IRXo5MUO-388h-HqFXAAAAGHHyCQRAMAAA-qAwBOL0EgICAgICAgICAgICBhcHNfdHhuX2ltcDEgICC250Yf%26amzn_h%3Daax.amazon-adsystem.com%26appkey%3Deebe6519-279d-42d4-96b1-cacdacdaa545%26arsDfExpV2Variant%3Dcontrol%26arsdfexp%3Dcontrol%26adsUuid%3D3c7e104f-65e3-477d-a3e8-cb344d531755%26networkAdUnitVariant%3Dcontrol%26amznrdr%3Ddefault%26userId%3D925967679%26customFloorBidExp%3Dcontrol%26splashConfigAdsUuid%3Dsplash%23bb5052d2-43d2-4e73-bcc5-594a65ad5d9d%26ageRangeV2%3D25-34%26feedType%3Dinterstitial%26experiment%3Dcontrol%26isFallback%3Dtrue%26cesV2Variant%3Dcontrol%26dc%3Ddub%26isv%3Dfalse%26ecpm%3D5%26deviceAge%3D3%26amznp%3D1l5x4w0%26model%3DASUS_X00ADC%26carrier%3Dnull%26directOnPremiumExp%3Dcontrol%26ad_placement%3DEXIT_INTERSTITIAL%26androidVersion%3D23%26gamDirectVariantSc%3Dvariant-3%26decileAdsBlockExp%3Dcontrol%26priceBucket%3D3%26ageRangeLow%3D25-34%26immersiveAdExp%3Dcontrol%26realisedBidExp%3Dcontrol%26ageRange%3D25-34%26appVersion%3D230411%26gamFalconExpVariant%3Dcontrol%26amznslots%3D17ryq68%26fixPlaceBidVariant%3Dcontrol%26userLanguage%3DHindi%26a_adsuuid%3D3c7e104f-65e3-477d-a3e8-cb344d531755%26ageRangeHigh%3D25-34&is_lat=false&blob=ABPQqLETjq7zFVLd4FWBkZ7Kp04is1mxh5Zt84qYxUzqNCG00cLlnixVp9XL4LE5aNkjPz7EyaRlXKp6p4iePFhN3KPSqmWwDcj6cUz1rBklLdHHg81fI8ZFtAsqVWooCz28wprdV9gS7KC2udbuHF4ZWqU67sdjZdyKvEUXPQrY0y6K6wB7J-E022fweUSsbV_JV8EI5yvZhlwe_PyaQruXIdEJrbLQ5xyrs6X-d_gmcZ7k24za1CBS-Ji_eEGqjU7aT8X-nhfh-SbT9mRiwN4rzbXIsOlMj7iwXlMyOYUgpOEOZg-8u5V3wza3cuPfuIXF6L_grmm1ERw8kEPOz4MLV6C9crYWtN_zFPIQJuBZ7Tvkw9F96IQUJ6c_cBts024VMWwmCOD_0X7seIHywnl4cYEyWXHDLLEK31G2OB8Oq1dXvQNxajUkCvlp6css3cgG1iYyFImgdZOmjz0J6E9k81exXCyZKUqUEsg4sP58Wuk5qNqdF7vtWgE5xNJv5DIYbMZdh-kX7S4jzgs8IKYCJ-Y4ixDc41wZpl5ATcsYv4GBmoplktDdpoF5XzDioAtEsq1tlX1c7zF8GxrWyX9KVv1OBNfCP10zU0YMckJkAve9gzsNwA9ak7qLzEjqOoDrCeJzGLPZNnOffkQOKZ11MOOfs8PZj7ANW0GhgcKKuXdFcaCeLN2XK3BT4gmSWQow-e12Ac4OQxbgo2KROoNqE7N77Um_1AcBV7WwiIXLlhP8onQb0uZyH1O5oR_bdfba-nsw7a9BckZspYkacU7q0PMVmt72dLLqwqs9QIQIutkNK3JywDYyY15Z1EEQ-3-KucyJxDxedXYBXdxNLYQYGUwTafkGYNsURqI2ToWsWZ4E9bYQI94Erhy0L95yFu4vmWmR6Di4BR3HLxIVk0Fsk3L_g-LGR6YYjL0Zqj3NCIJHVMuquVO2NVJUWfDlK55rrI9kSIAA9UNluhkSRJIFxhZ3O1GgJ2xmxNPSlPgr3LrGR1RO92gBYD7r6eUN9SqlYiGHUFI35FP3y8_jKYY2pZ5v31jtwL623M3M7e9wEblbZleUSXO6vS4EGRI-sOVGAfRyK6wOejg6wXQ&a3p=CrsLEgYIBhAMGAAaBggGEAwYACLsCmVKeDlWVzF2b2tvVS9pdkdUN3VKNHN3d3ZMV2ZCa1FsUlRDQWRwdmxaakxpMkpLaUdNVHViamY3Mys4WnNPM3V6YjNYRHhQT0MrY2Nudk04NDgraHgxWXJmOHFEYVRxOEdYNzlhemdhVGxuRytDcUpQVDlOZzJqTzQxVVd4SkVLSHk5VkJRbXBsL2greE8rRGFiWUFyMjRpNVp6ZThZMmZwSkFLUGxQRFJIdHpRd3ZtQm1HUVBhZ1crb2lPakpFMXduaUV6UkdHQjF0MVpiTVZSUGRFM3dwN1I5SFdRc1FSaFY0Z1UxSnFFZ2NaaGlOTlNGeW5mc0xaM0k4eXlGL1dyMlZWaVh4aWFHandLU3lQbCsrM0EzYmNOWFc1RzVnYTBqQ1k2VHJsWHhCaVUyL2dYc3BxbDArV1M1YzR5OXZCdDVmUEEzWTZWZkplYnUvS0Zzcm9scWFiZzA5M2kyd1pqZ1pWK1N3SGMxazgxNThIRzltY3kvcVlUeWkwOHA2YStpRHpDVVk2TkRHUUNaMklNMWpXMjdLU2cxVHNSVk8rVi9zNmMxbVVUOWhsVjhwaklTUFpmcXViNTFuZFhBZTluYm1waW45WW0zelNEdzl2dXZta1BHcUgra25BaDJybko5SEk0a20wS2dScEJCRmRveHBXcWE2eWRVUTdZNU9xR21vTFlJUmVQcEZIQmZOc0hVVit5TDA0OGJtL0FSRFZYaWxHZUVReE5lRWdGaHlvZTlMVkV4MVJLS2dPb2c2MTB5U2I4Wm5MZ1RnOGlOS01oYUUvVmJzVDFWbENlTW51ZkRERitYSUdLNWp5TkY0bm5uSkZNWjh2VTNCdVdMaGlDVnVxNWovellYbm04bkRKaHpkNVh5UWZqdktoT0QzemMva3FPN2R1T3hZMmtOVkYydklnWCt1ajVQVitmNVp0bDRBZEc2bmY5ZFVUUDdlaWFlV09OMUtjWVdzcUoyVHJ5RnNBZTJieE9wckMvQUhCWFQ3MDM4bnQ1ZkZSYkN2NWp6RzZBSDhSMWFXUFJIa09xK3BDVzBVbTN2NDQvUm41cGRpOFdybnJJRlN3OUJ2cHBhQmc2YmY4c1lvd25zLy93QzlPbFk0NkVRRUZGS0QrTkdCS2d4eW92d2s2S09keFBBLzltMzdEdmRKNlZTNzhZTDVRMGpBcDZnZUoyRks5a1NybWVNQWM4RVorZGg4bmR6eDdXS21RYXVJQ0pLRXkvbzFzRVBkWWtnUitBZ25kVW1kTVRXenRjV0U1YUx6ZFUzTk02VTZNSGNNMHhudHFtTHBCdHJvdG5mKytVSUNFNnloTEhqNHVsbGg5TlhzSENLampNVmdZejFMZVVXV3NCbVZlVjZlL1VMZ2ZNZmRQK3FVcUNsZ0Z5bW5qblVBWU9XT0VzUnhUc2pYSHdrUjRMR3pkS2l5OHhUWXhlcFN1bUwvcjZiZEtXZEFCaUUzTHNRMEtJdEFvc2RWTkZQVlgybHZuTVBaWUI2RThnclZnS2ZlL3hLdVFQWFN3dGMybFUwYzg5VVAxbVIrM2tob2doWFRGRG50ckZZTHU2VTZTb3JBcHdsUWdZaHFvb0tpd0NEYUxIVHdSZkt2Z3VXcFBGUy9xZzNabGx2WWlqN3Z5K0tpRUdzZFpoMDJIVzVZbGdidk8zckg1bjgxQTRjei8yQXVMR0xDMDErcStrWktmVDZMb1NVOElOWWhsbU5UdUpBRmthUjZoZVJmcnhkaldyYWo0UVI3cTVzZWJWQTJpRTlzeGU3RytpTEpTd3ZzOXh6R3dRUnhxa1Y1b29tM2xOV0xZR3VvMU52V2p0RitBK3F2NTlUY25WZUtEKjpjb20uZ29vZ2xlLmFkcy5tZWRpYXRpb24uZmFjZWJvb2suRmFjZWJvb2tNZWRpYXRpb25BZGFwdGVy&mr=6852228264171782636%2C-3403835092840676964&mr_itag=6852228264171782636_18~-3403835092840676964_22&jsv=sdk_20190107_RC02-production-sdk_20230315_RC00,COMPLETE,200,https,GET,application/json; charset=UTF-8,/192.168.29.247,44118,pubads.g.doubleclick.net/142.250.206.162,443,,26/03/23 23:44,26/03/23 23:44,26/03/23 23:44,26/03/23 23:44,1208.0,,,,0.0,71.0,1137.0,46.79883,0.0,687.93945,,7874,,,0.0,50016.0,,74.30%
https://pubads.g.doubleclick.net/gampad/ads?submodel=ASUS_X00ADC&native_templates=1%2C2%2C4%2C5&adid_p=1&format=336x280_as&native_version=3&omid_v=a.1.3.37-google_20220829&dv=224400003&hl=en&js=afma-sdk-a-v224400999.223712000.1&lv=223712200&ms=CuUDCuADmsA_ATEaOQH2YOg5i5YR_9Y62J0xuugHgjcjhpYBI_mJIXxgNH_N_bGDJrOsiGxoywmBSVsxrIPYLYssB06yWRKdAwM5rCIb3z2hUNZmMUc8KCyuHzZd3QMqdpvq7AGJVB2T-5HYYMzF-ZycseE5uNgo4CFyM84faGidB127-tNLtp4Zadx_Nt24dCVOlodJNyRrcm3VbaBbRZdJ8toiYLbeIy69L3xX9HIhMpquQdxqNxUdM_VNf9IlplzkArpFAH4R9vfS6uxSx2rl0P5PXHvOpO--0dWgp1hMvsbCrZ7ZGzbJeGXNJN5tE51ibKx64pROGEJorEox53PSaeWN4YXyZsQ2kKEd16sS4hHddXdA6sdnZGeNh4vZGqBfDrUVc1VxMfFH1mZy5ZjNWTuJwCqlKbehJwbEm5krocnHaFMQNdRxBJRdooK4oP_WA2BezDMEsImaFDnV6CgAgic51G33qwypIS5diCr5OCDhhW2sV4Vg9ZaJ8kNtcjUUUvjlZFBmUn27f0NilBSXMI3x6WZe5aE52Jn-35yKAbYpbvsTOEomExKXht6G4t0--KBXx5yFuUKPXfkY7sdrrNaapPozV2bZ1w5sd6StJntlkdvwQyyk7EapPNiTUbtbL5XkIAQSlQIKgAJz9YB9dBSdI59syhKToXu8T2mqTQ-rufY-Gfyaosv804kzcaQKpjBhNht6sjt9yAHBOSVcM33g00FbfOzw6Rn_bwFb2BnsETUMLR5NkuucouNV4jZrMC8wk3RXyJp82gRc0f-o1ZOFj0WnXeydaxfn7RAZ4yGwyuFOWnVmOnE5FEtHgj9Mz0yQevkHAmB_MNUZNt-ha1j9_SxnzaZ-yCL6J1tnXuuy-qzjN3fQcshVFQYAmTpmJhf72oNjGbvYtA6KObOVKEx-sPilzH7y_bZWahP0RQe862y5ILuhG-EtUqZlCkyBligy2CxcGceRiwKsH260fvf_TKO2ui0RoSthEhC6HYvIATFVLut2Xtx2NlEn&mv=83451010.com.android.vending&sz=336x280%7C336x300%7C330x220%7C320x50%7C300x250%7C320x100%7C320x480%7C250x250%7C300x100&vnm=2023.4.11&ppid=5b02be4254236e4b017b3cac5fe5af54c85e5863e9bde2db62d80c8bca8dc8ea&u_sd=2&request_id=407459112&target_api=31&is_sidewinder=false&fbs_aeid=-8292826767825712948&fbs_aiid=cca3c74961533b72e6e19e7ddb110514&seq_num=3&eid=318496669%2C318500618%2C318486317%2C318491267%2C318483611%2C318484497%2C318508155%2C318508018%2C318502753%2C318484909&guci=0.0.0.0.0.0.0.0&sdk_apis=7%2C8&omid_p=Google%2Fafma-sdk-a-v224400999.223712000.1&supporting_urls=https%253A%2F%2Fsharechat.com%2Fpost%2FJXgZ7qA%253Fd%253Dn%2Chttps%253A%2F%2Fsharechat.com%2Fpost%2FJJaBbvW%253Fd%253Dn&cap=m&u_w=360&u_h=640&msid=in.mohalla.sharechat&an=230411.android.in.mohalla.sharechat&u_audio=3&net=wi&u_so=p&loeid=44766145&preqs_in_session=8&support_transparent_background=true&preqs=2&time_in_session=171510&output=html&region=mobile_app&u_tz=330&url=230411.android.in.mohalla.sharechat.adsenseformobileapps.com&gdfp_req=1&m_ast=afmajs&impl=ifr&iu=%2F21872722794%2FWhitelist_Post_feed_Non_Fullscreen&correlator=2332141180784485&gsb=wi&ogsb=wi&apm_app_id=1%3A412826138735%3Aandroid%3A0c6d127fc2128b94&gmp_app_id=1%3A412826138735%3Aandroid%3A0c6d127fc2128b94&apm_app_type=1&lite=0&caps=inlineVideo_interactiveVideo_mraid1_mraid2_mraid3_sdkVideo_exo3_th_autoplay_mediation_scroll_av_av_transparentBackground_sdkAdmobApiForAds_di_aso_sfv_dinm_dim_nav_navc_dinmo_ipdof_gls_gcache_sai_demuxedGcache_xSeconds&bisch=false&blev=0.58&canm=false&_mv=83451010.com.android.vending&heap_free=0&heap_max=268435456&heap_total=62142976&wv_count=2&rdps=2100&cust_params=excl_cat%26manufacturer%3Dasus%26advFcapVariant%3Dcontrol%26gamAdCacheConfigExp%3Dvariant-3%26adapBidNetAdsBlock%3Dcontrol%26arsCtrExperiment%3Dcontrol%26adUnitId%3D%2F21872722794%2FWhitelist_Post_feed_Non_Fullscreen%26arsdfexpv2%3Dcontrol%26devicePrice%3D10000%26forcedBidVariant%3Dcontrol%26amzn_b%3DJPfyLi0BmpKtkJG2mzxtCVIAAAGHHyCOKQMAAA-qAgBhcHNfdHhuX2JpZDEgICBhcHNfdHhuX2ltcDEgICDAAKsb%26amzn_h%3Daax.amazon-adsystem.com%26appkey%3Deebe6519-279d-42d4-96b1-cacdacdaa545%26decile%3D9%26arsDfExpV2Variant%3Dcontrol%26arsdfexp%3Dcontrol%26adsUuid%3D1e65cc9e-a4b1-4b31-b005-c8b530751381%26networkAdUnitVariant%3Dcontrol%26ctrctvr_model%3DRT_CM_VTR_AVG%23CVR_REAL_TIME%23ALL_SEP_CALIB_DF%23DYNAMIC_DECILE_CALIB_ALLBM%23CVR_Sep_CALIB%23CONTROL_QS%23CONTROL_QS%23CPM_CALIB_DEFAULT%23WITHOUT_CVR_NORM%23register_iab_l0_l1_appv2%23dfm_transact_swiggy_chatroom%23DECILE_FLOOR_BID%23OCPC_TCPA%23COMMON_FACTOR%26amznrdr%3Ddefault%26userId%3D925967679%26adsShown%3D0%26adsTotal%3D0%26customFloorBidExp%3Dcontrol%26splashConfigAdsUuid%3Dsplash%23bb5052d2-43d2-4e73-bcc5-594a65ad5d9d%26ageRangeV2%3D25-34%26feedType%3Dtrending%26experiment%3Dcontrol%26networkSpeed%3D628145%26cesV2Variant%3Dcontrol%26dc%3Ddub%26isv%3Dfalse%26ecpm%3D33%26deviceAge%3D3%26amznp%3D1l5x4w0%26model%3DASUS_X00ADC%26firstFeed%3Dtrue%26carrier%3Dnull%26directOnPremiumExp%3Dcontrol%26ad_placement%3DTRENDING_FEED%26androidVersion%3D23%26gamDirectVariantSc%3Dvariant-3%26decileAdsBlockExp%3Dcontrol%26priceBucket%3D3%26ageRangeLow%3D25-34%26immersiveAdExp%3Dcontrol%26adsFetched%3D0%26realisedBidExp%3Dcontrol%26ageRange%3D25-34%26appVersion%3D230411%26gamFalconExpVariant%3Dcontrol%26amznslots%3D25nmrk%26fixPlaceBidVariant%3Dcontrol%26userLanguage%3DHindi%26a_adsuuid%3D1e65cc9e-a4b1-4b31-b005-c8b530751381%26ageRangeHigh%3D25-34&is_lat=false&blob=ABPQqLEoH0Nk3_OBsW4dKDDem8Aj2ARsGKKozkZadGVIBaOWzmJiIdhIs5L3cKoxWPtU0Pxxc-23I7VTvrfI28rbW0HTuFfvM7v4iBFnzntgPGS-Pv38C_pLRMYj4QEOw4LKui8sFEASZ-EDQnrx_DqsWdgwhnP_O6gDdefaRTmG08ebKgD-XESOkxdZeJxl014hRaJvEQaKGTHyiNNXgUw5uRMx_AIJJRFlLD9zNM72rjT9Or2EZoXa7W-bNF128naQkfRZIy3EUu5QIztNLs7QlbfpzjSqgbXjLTh-blBg3mYbV-xvmb8Az6xv4pDGgDIMwHBFN3m5rUjcXJg&ina=true&iba=true&d_imp=1&swipeable=0&unr=true&rmr=true&a3p=Cm4SBggGEAwYABoGCAYQDBgAKjpjb20uZ29vZ2xlLmFkcy5tZWRpYXRpb24uZmFjZWJvb2suRmFjZWJvb2tNZWRpYXRpb25BZGFwdGVyOiAgAyocU2lnbmFsIGNvbGxlY3Rpb24gdGltZWQgb3V0Lg..&mr=6852228264171782636%2C-3403835092840676964&mr_itag=6852228264171782636_18~-3403835092840676964_22&jsv=sdk_20190107_RC02-production-sdk_20230315_RC00,COMPLETE,200,https,GET,text/html; charset=UTF-8,/192.168.29.247,49734,pubads.g.doubleclick.net/142.250.206.162,443,,26/03/23 23:44,26/03/23 23:44,26/03/23 23:44,26/03/23 23:44,592.0,,,,0.0,0.0,592.0,10.000977,0.0,0.0,,6063,,,0.0,0.0,,
https://pubads.g.doubleclick.net/gampad/ads?submodel=ASUS_X00ADC&native_templates=1%2C2%2C4%2C5&adid_p=1&format=336x280_as&native_version=3&omid_v=a.1.3.37-google_20220829&dv=224400003&hl=en&js=afma-sdk-a-v224400999.223712000.1&lv=223712200&ms=CuUDCuADmsA_ATEaOQH2YOg5i5YR_9Y62J0xuugHgjcjhpYBI_mJIXxgNH_N_bGDJrOsiGxoywmBSVsxrIPYLYssB06yWRKdAwM5rCIb3z2hUNZmMUc8KCyuHzZd3QMqdpvq7AGJVB2T-5HYYMzF-ZycseE5uNYq4PFOpD2GYW-xDac3SVHhgps4ISN6Q43GiKGxV7gcD8OwNvQRr0VAT6UpTMcbE60Oxe_zPrSTPbOhfg6m3V6pHWBsfDMMwBlxO2UAFmd23NXb3fNa6qxLltaOHeTevhzOltFYc3D95Z7inWXYe1TstfaPrPrC7DKT9UtbAFLUG0-tzrkY-LlIlCpU7g2rRLdLJXjphkoyOaWhh0iDJLd4dAuEjiaM4z2stXEoYQm0eNyRTx8xzpLAaqyABZf6XAxOsjvaAcG4FOANgv0mCdhiNpP_NbyGGPhIB8XqDyuPghoTJ33qzTDTAeWc6Wd5rDxMu4svilZxlFIrcbODycruAFu25sS55uGIBzNbvhoO41c0qghMgfDqOJ8_G98MPLZmsaAB9936QeZU2sbpM1c0fwGeW8MzfuqhE54eFjXyFTSfcJzIGbfcbbCZPUA_7mWjC7606yBUedNzerbV7gNIvSJtzAxkCYmWyvoeRCEAIAQSlQIKgAJ9p6GanxrEfWxPbZ1nQRpErm9KTxWJhIgQZxtpdCuUJgOFCkcwWiV0wvhFWhnGqcpjAjUhFWhqrvznpknUz19RXdLpxLhI-RwT29IHB3n2Ncr1D3Le17jwn1SpS0MHj7tvC_8n1kby3lcqtaZuyBO7XhjkSti0LwkIyxCelLB794UZjktbMOCl59JlorDO23nK9mm7E_ASwI7FySDuLzd0dT4j-BIpW28YXw6YmzTdl1FouukwUvM_vGPOVboI8maGy5Ulese-ZuosHNxgSaLogvZb8pLnFW_LQIMt8yJQ24gpvw72c3Z24TQhWveGK-sS4pO1gvoSDITduApj1WPPEhC6bTYKKgStkaNEGClmQIQ2&mv=83451010.com.android.vending&sz=336x280%7C336x300%7C330x220%7C320x50%7C300x250%7C320x100%7C320x480%7C250x250%7C300x100&vnm=2023.4.11&ppid=5b02be4254236e4b017b3cac5fe5af54c85e5863e9bde2db62d80c8bca8dc8ea&u_sd=2&request_id=220078345&target_api=31&is_sidewinder=false&fbs_aeid=-8292826767825712949&fbs_aiid=cca3c74961533b72e6e19e7ddb110514&seq_num=2&eid=318496669%2C318500618%2C318486317%2C318491267%2C318483611%2C318484497%2C318508155%2C318508018%2C318502753%2C318484909&guci=0.0.0.0.0.0.0.0&sdk_apis=7%2C8&omid_p=Google%2Fafma-sdk-a-v224400999.223712000.1&supporting_urls=https%253A%2F%2Fsharechat.com%2Fpost%2FJX8XBEW%253Fd%253Dn%2Chttps%253A%2F%2Fsharechat.com%2Fpost%2FJ0ga4N8%253Fd%253Dn&cap=m&u_w=360&u_h=640&msid=in.mohalla.sharechat&an=230411.android.in.mohalla.sharechat&u_audio=3&net=wi&u_so=p&loeid=44766145&preqs_in_session=7&support_transparent_background=true&preqs=1&time_in_session=171250&output=html&region=mobile_app&u_tz=330&url=230411.android.in.mohalla.sharechat.adsenseformobileapps.com&gdfp_req=1&m_ast=afmajs&impl=ifr&iu=%2F21872722794%2FWhitelist_Post_feed_Non_Fullscreen&correlator=963606988984799&gsb=wi&ogsb=wi&apm_app_id=1%3A412826138735%3Aandroid%3A0c6d127fc2128b94&gmp_app_id=1%3A412826138735%3Aandroid%3A0c6d127fc2128b94&apm_app_type=1&lite=0&caps=inlineVideo_interactiveVideo_mraid1_mraid2_mraid3_sdkVideo_exo3_th_autoplay_mediation_scroll_av_av_transparentBackground_sdkAdmobApiForAds_di_aso_sfv_dinm_dim_nav_navc_dinmo_ipdof_gls_gcache_sai_demuxedGcache_xSeconds&bisch=false&blev=0.58&canm=false&_mv=83451010.com.android.vending&heap_free=2681056&heap_max=268435456&heap_total=61944144&wv_count=2&rdps=2100&cust_params=excl_cat%26manufacturer%3Dasus%26advFcapVariant%3Dcontrol%26gamAdCacheConfigExp%3Dvariant-3%26adapBidNetAdsBlock%3Dcontrol%26arsCtrExperiment%3Dcontrol%26adUnitId%3D%2F21872722794%2FWhitelist_Post_feed_Non_Fullscreen%26arsdfexpv2%3Dcontrol%26devicePrice%3D10000%26forcedBidVariant%3Dcontrol%26decile%3D9%26arsDfExpV2Variant%3Dcontrol%26arsdfexp%3Dcontrol%26adsUuid%3D6da53a5d-0f1d-48b6-bf3b-243683a28542%26networkAdUnitVariant%3Dcontrol%26ctrctvr_model%3DRT_CM_VTR_AVG%23CVR_REAL_TIME%23ALL_SEP_CALIB_DF%23DYNAMIC_DECILE_CALIB_ALLBM%23CVR_Sep_CALIB%23CONTROL_QS%23CONTROL_QS%23CPM_CALIB_DEFAULT%23WITHOUT_CVR_NORM%23register_iab_l0_l1_appv2%23dfm_transact_swiggy_chatroom%23DECILE_FLOOR_BID%23OCPC_TCPA%23COMMON_FACTOR%26userId%3D925967679%26adsShown%3D0%26adsTotal%3D0%26customFloorBidExp%3Dcontrol%26splashConfigAdsUuid%3Dsplash%23bb5052d2-43d2-4e73-bcc5-594a65ad5d9d%26ageRangeV2%3D25-34%26feedType%3Dtrending%26experiment%3Dcontrol%26networkSpeed%3D628145%26cesV2Variant%3Dcontrol%26ecpm%3D33%26deviceAge%3D3%26model%3DASUS_X00ADC%26firstFeed%3Dtrue%26carrier%3Dnull%26directOnPremiumExp%3Dcontrol%26ad_placement%3DTRENDING_FEED%26androidVersion%3D23%26gamDirectVariantSc%3Dvariant-3%26decileAdsBlockExp%3Dcontrol%26priceBucket%3D3%26ageRangeLow%3D25-34%26immersiveAdExp%3Dcontrol%26adsFetched%3D0%26realisedBidExp%3Dcontrol%26ageRange%3D25-34%26appVersion%3D230411%26gamFalconExpVariant%3Dcontrol%26fixPlaceBidVariant%3Dcontrol%26userLanguage%3DHindi%26a_adsuuid%3D6da53a5d-0f1d-48b6-bf3b-243683a28542%26ageRangeHigh%3D25-34&is_lat=false&blob=ABPQqLG2gZcfCNH3xPlkA8-p8etNsIvZ-gyGB8SUoD4eF8Fw-RnsYed8xnb5yZX5qUAT1y0lW9tLgM7_wLkZAAvmWqkTUfndzjV_M5b3Sfe5uO4Hr3z1WL9wrbVfku0He7q6gFsVdiLwC2Z_4nIpfCx46mGcWh2WOLLa5GXnVlHh5k6bDwDsrDR9mt4ChG5uDCXydxwQuco1CuIsnV8owwNwdTuHuJX5AWvAImQSAHOd6iPlv-a198SuRc3KKM-Hmn4FsPWD5ikq0okK630bqaNYjrflKpvWEeG3ufQ-lEMugu7kqiFT8JEW2bL63GcRERb7H6ZlnnU7rTHwbMM&ina=true&iba=true&d_imp=1&swipeable=0&unr=true&rmr=true&a3p=Cm4SBggGEAwYABoGCAYQDBgAKjpjb20uZ29vZ2xlLmFkcy5tZWRpYXRpb24uZmFjZWJvb2suRmFjZWJvb2tNZWRpYXRpb25BZGFwdGVyOiAgAyocU2lnbmFsIGNvbGxlY3Rpb24gdGltZWQgb3V0Lg..&mr=6852228264171782636%2C-3403835092840676964&mr_itag=6852228264171782636_18~-3403835092840676964_22&jsv=sdk_20190107_RC02-production-sdk_20230315_RC00,COMPLETE,200,https,GET,text/html; charset=UTF-8,/192.168.29.247,43939,pubads.g.doubleclick.net/142.250.206.162,443,,26/03/23 23:44,26/03/23 23:44,26/03/23 23:44,26/03/23 23:44,543.0,,,,1.0,0.0,542.0,10.432617,5665.039,0.0,,5801,,,0.0,0.0,,
https://tpc.googlesyndication.com,EXCEPTION,200,https,CONNECT,,/192.168.29.247,46370,tpc.googlesyndication.com/142.250.194.1,443,com.xk72.proxy.ProxyException: Client closed the connection before a request was made. Possibly the SSL certificate was rejected.,26/03/23 23:44,,,,,24.0,6.0,119.0,,,,,,,1346.0,0,,21440.0,0.0,,,
https://pagead2.googlesyndication.com/omsdk/releases/live/omsdk-v1.js,COMPLETE,200,https,GET,text/javascript,/192.168.29.247,46364,pagead2.googlesyndication.com/142.250.193.194,443,,26/03/23 23:44,26/03/23 23:44,26/03/23 23:44,26/03/23 23:44,236.0,22.0,8.0,128.0,0.0,1.0,77.0,160.3457,0.0,36185.547,1362.0,334,,22571.0,548.0,13935.0,,66.10%
https://tpc.googlesyndication.com/pagead/js/r20230322/r20110914/client/one_afma_ctd_fy2021.js,COMPLETE,200,https,GET,text/javascript; charset=UTF-8,/192.168.29.247,46367,tpc.googlesyndication.com/142.250.194.1,443,,26/03/23 23:44,26/03/23 23:44,26/03/23 23:44,26/03/23 23:44,200.0,24.0,8.0,112.0,0.0,6.0,50.0,203.17871,0.0,6496.419,1346.0,351,,21432.0,399.0,18083.0,,62.70%
https://tpc.googlesyndication.com/pagead/js/r20230322/r20110914/client/qs_click_protection_fy2021.js,COMPLETE,200,https,GET,text/javascript; charset=UTF-8,/192.168.29.247,46367,tpc.googlesyndication.com/142.250.194.1,443,,26/03/23 23:44,26/03/23 23:44,26/03/23 23:44,26/03/23 23:44,75.0,,,,0.0,20.0,55.0,117.64258,0.0,438.1836,,61,,,89.0,8885.0,,57.40%
https://tpc.googlesyndication.com/pagead/js/r20230322/r20110914/client/window_focus_fy2021.js,COMPLETE,200,https,GET,text/javascript; charset=UTF-8,/192.168.29.247,46367,tpc.googlesyndication.com/142.250.194.1,443,,26/03/23 23:44,26/03/23 23:44,26/03/23 23:44,26/03/23 23:44,76.0,,,,1.0,1.0,74.0,18.939453,54.6875,1384.7656,,56,,,63.0,1355.0,,49.60%
https://tpc.googlesyndication.com/pagead/js/r20230322/r20110914/client/load_preloaded_resource_fy2021.js,COMPLETE,200,https,GET,text/javascript; charset=UTF-8,/192.168.29.247,46367,tpc.googlesyndication.com/142.250.194.1,443,,26/03/23 23:44,26/03/23 23:44,26/03/23 23:44,26/03/23 23:44,76.0,,,,0.0,1.0,75.0,13.169922,0.0,938.47656,,64,,,89.0,872.0,,43.90%
https://pagead2.googlesyndication.com/pagead/gen_204?id=mys&d=ChQIByoQYXBwX2ludGVyc3RpdGlhbAoHCAgqA2x0cgoLCAEqB2RlZmF1bHQKCggCKgZzZXJ2ZXIKDRArIQAAAAAA4IVAMAESGkNJTHZncnVaLXYwQ0ZkU041Z29kN1lZRDh3IiF0aGlyZF9wYXJ0eS9lbHNhX2ludGVyc3RpdGlhbF9hcHAoIQ==,COMPLETE,204,https,POST,image/gif,/192.168.29.247,46364,pagead2.googlesyndication.com/142.250.193.194,443,,26/03/23 23:44,26/03/23 23:44,26/03/23 23:44,26/03/23 23:44,149.0,,,,0.0,0.0,149.0,2.8769531,0.0,0.0,,223,0.0,,216.0,,,
https://googleads.g.doubleclick.net/pagead/images/gmob/baseline_pause_white_48dp.png,COMPLETE,200,https,GET,image/png,/192.168.29.247,46358,googleads.g.doubleclick.net/142.250.193.34,443,,26/03/23 23:44,26/03/23 23:44,26/03/23 23:44,26/03/23 23:44,33.0,,,,0.0,1.0,32.0,10.564453,0.0,207.03125,,145,,,122.0,90.0,,
https://googleads.g.doubleclick.net/pagead/images/gmob/video_unmute_icon_38x38.png,COMPLETE,200,https,GET,image/png,/192.168.29.247,46358,googleads.g.doubleclick.net/142.250.193.34,443,,26/03/23 23:44,26/03/23 23:44,26/03/23 23:44,26/03/23 23:44,53.0,,,,0.0,0.0,53.0,11.571289,0.0,0.0,,48,,,58.0,522.0,,
https://pubads.g.doubleclick.net/favicon.ico,COMPLETE,200,https,GET,image/x-icon,/192.168.29.247,46375,pubads.g.doubleclick.net/142.250.206.162,443,,26/03/23 23:44,26/03/23 23:44,26/03/23 23:44,26/03/23 23:44,104.0,2.0,5.0,90.0,0.0,0.0,7.0,245.42676,0.0,0.0,1470.0,774,,22567.0,442.0,884.0,,23.10%
https://googleads.g.doubleclick.net/pagead/interaction/?ai=CLk8ca4sgZMKNHdSbmgftjY6YD-G8itNvyemzsOsCwI23ARABIABg5cLkg6QOggEeY2EtbWItYXBwLXB1Yi04MjE5MzYxNzM5ODU2MjA4yAEF4AIAqAMByAMCmAQIqgTzAk_QA9rq3j5AIXkTHlm6r7myv7EY_RN88ZJY-F9VqYy-OL2ESy0j_w_PkUnQCyGagPqLNEY9yfVQ5AfLnw47KzDS6eYqELWE3npVIQmeTs-yDwKh6S2s69YuCTRMUTiaUI24mOqZ8h_638XLk298roA23dPptQmGXQldhiHOvzStMzeHizFsr8HEO0e0R0Q7iOzZI3ztDAdssbu5lyeuRr57gGz3sxj5jflwGCCkGRsMbTUXu3nj85hvu_FKAEaKi3tYVYR-eXV6aVIBqpKiRvN6_LaR5LSXrJdsus2E-egzUXT6WPndPeEZ139CvRTkle1igubFJjRKeVsjNjwlOfkdglTkzmpgAkYuHjBF4MrjgrnJYuyQPPYTkV41Ksgama5V61Ghzuc_V7zwFr6LTTYnTk0580oNJ8rb7OpwAb-CwSjlTipO5Ox0nGv3KloCdB0Lrz8yt6frey1SwjBb00PsLUGoFifWXFpDnstLDRoo0dQN4AQBgAafmpqVm73rnRSgBiqIBwGQBwKoB6a-G6gHltgbqAeqm7ECqAeDrbECqAf_nrECqAffn7EC2AcA0ggOEAIyAQA6B5_QgICAgAT6CwIIAYAMAdAVAYAXAQ&sigh=Ct0m440QH2U&label=video_ad_loaded,COMPLETE,200,https,GET,image/gif,/192.168.29.247,46377,googleads.g.doubleclick.net/142.250.193.34,443,,26/03/23 23:44,26/03/23 23:44,26/03/23 23:44,26/03/23 23:44,104.0,2.0,7.0,8.0,0.0,0.0,87.0,26.291992,0.0,0.0,957.0,953,,372.0,476.0,42.0,,
https://aax-eu.amazon-adsystem.com/x/px/p/RCh-dXFYborqOdAJTidVSpEAAAGHHyCL4wMAAA-qAgBhcHNfdHhuX2JpZDEgICBhcHNfdHhuX2ltcDEgICDgW-Ai/%7B%22c%22%3A%22dtbm%22%2C%22dabtw%22%3A656%2C%22dapw%22%3A1%7D,COMPLETE,200,https,GET,image/gif,/192.168.29.247,45135,aax-eu.amazon-adsystem.com/52.95.115.196,443,,26/03/23 23:44,26/03/23 23:44,26/03/23 23:44,26/03/23 23:44,182.0,,,,0.0,0.0,182.0,2.0332031,0.0,0.0,,336,,,0.0,43.0,,
https://aax-eu.amazon-adsystem.com/x/px/RPfyLi0BmpKtkJG2mzxtCVIAAAGHHyCN-AMAAA-qAgBhcHNfdHhuX2JpZDEgICBhcHNfdHhuX2ltcDEgICDAAKsb/%7B%22c%22%3A%22dtbm%22%2C%22dabtw%22%3A272%7D,COMPLETE,200,https,GET,image/gif,/192.168.29.247,45135,aax-eu.amazon-adsystem.com/52.95.115.196,443,,26/03/23 23:44,26/03/23 23:44,26/03/23 23:44,26/03/23 23:44,194.0,,,,0.0,1.0,193.0,1.8115234,0.0,41.992188,,317,,,0.0,43.0,,
https://aax-eu.amazon-adsystem.com/x/px/RCqMibdY9fp_vnLw3FQxCj8AAAGHHyCPHAMAAA-qAgBhcHNfdHhuX2JpZDEgICBhcHNfdHhuX2ltcDEgICARvTIW/%7B%22c%22%3A%22dtbm%22%2C%22dabtw%22%3A236%7D,COMPLETE,200,https,GET,image/gif,/192.168.29.247,45135,aax-eu.amazon-adsystem.com/52.95.115.196,443,,26/03/23 23:44,26/03/23 23:44,26/03/23 23:44,26/03/23 23:44,266.0,,,,0.0,1.0,265.0,1.3212891,0.0,41.992188,,317,,,0.0,43.0,,
https://aax-eu.amazon-adsystem.com/x/px/RE99IRXo5MUO-388h-HqFXAAAAGHHyCQDgMAAA-qAwBOL0EgICAgICAgICAgICBhcHNfdHhuX2ltcDEgICC250Yf/%7B%22c%22%3A%22dtbm%22%2C%22dabtw%22%3A276%7D,COMPLETE,200,https,GET,image/gif,/192.168.29.247,45135,aax-eu.amazon-adsystem.com/52.95.115.196,443,,26/03/23 23:44,26/03/23 23:44,26/03/23 23:44,26/03/23 23:44,333.0,,,,0.0,1.0,332.0,1.0556641,0.0,41.992188,,317,,,0.0,43.0,,
https://googleads.g.doubleclick.net/pagead/interaction/?ai=CBRIya4sgZMKNHdSbmgftjY6YD-G8itNvyemzsOsCwI23ARABIABg5cLkg6QOggEeY2EtbWItYXBwLXB1Yi04MjE5MzYxNzM5ODU2MjA4yAEF4AIAqAMByAMCmAQIqgTwAk_QA9rq3j5AIXkTHlm6r7myv7EY_RN88ZJY-F9VqYy-OL2ESy0j_w_PkUnQCyGagPqLNEY9yfVQ5AfLnw47KzDS6eYqELWE3npVIQmeTs-yDwKh6S2s69YuCTRMUTiaUI24mOqZ8h_638XLk298roA23dPptQmGXQldhiHOvzStMzeHizFsr8HEO0e0R0Q7iOzZI3ztDAdssbu5lyeuRr57gGz3sxj5jflwGCCkGRsMbTUXu3nj85hvu_FKAEaKi3tYVYR-eXV6aVIBqpKiRvN6_LaR5LSXrJdsus2E-egzUXT6WPndPeEZ139CvRTkle1igubFJjRKeVsjNjwlOfkdglTkzmpgAkYuHjBF4MrjgrnJYuyQPPYTkV41Ksgama5V61Ghzuc_V7zwFr6LTTYnTk0580oNJ8rb7OpwAb-CwSjlTipO5Ox0nCn1C8jNpKx5To5gfxDag7Jq4jq_2W30wJ8HJ99DgHBvhga-pGjJ4AQBgAafmpqVm73rnRSgBiqIBwGQBwKoB6a-G6gHltgbqAeqm7ECqAeDrbECqAf_nrECqAffn7EC2AcA0ggOEAIyAQA6B5_QgICAgASACgP6CwIIAYAMAdAVAYAXAbIXHAoaEhRwdWItODIxOTM2MTczOTg1NjIwOBjUvHM&sigh=EnwkBHx2OPI&cid=CAQSjQEA1BOcprjYlQV7npcthHCNs8M6x9E5UsmPCzmwlZvPwxq7E_mLPlPHwVIAxRlKfN9DuoNW6iS_ce8WwQjYQwG_ePXobSVrsMFoVZ2UeBCahGSJajhQZ1M-ztJ4lhLKIJV3R5d3FpXhGpWXAR_haiI8VdyHwcUbkGwBZOW_izU1ZugmPVnZBvNO2GW3O9E&label=drx_mediation_request_fill_result&mediation_fill_status=97543582921.0.5593.0,COMPLETE,200,https,GET,image/gif,/192.168.29.247,49799,googleads.g.doubleclick.net/142.250.193.34,443,,26/03/23 23:44,26/03/23 23:44,26/03/23 23:44,26/03/23 23:44,938.0,1.0,320.0,46.0,0.0,0.0,571.0,3.0,0.0,0.0,1023.0,1427,,390.0,0.0,42.0,,
https://aax.amazon-adsystem.com/e/msdk/ads,COMPLETE,200,https,POST,text/javascript;charset=UTF-8,/192.168.29.247,42465,aax.amazon-adsystem.com/108.158.223.239,443,,26/03/23 23:45,26/03/23 23:45,26/03/23 23:45,26/03/23 23:45,357.0,,,,0.0,0.0,357.0,4.7265625,0.0,0.0,,279,866.0,,0.0,583.0,,
https://aax.amazon-adsystem.com/e/msdk/ads,COMPLETE,200,https,POST,text/javascript;charset=UTF-8,/192.168.29.247,42465,aax.amazon-adsystem.com/108.158.223.239,443,,26/03/23 23:45,26/03/23 23:45,26/03/23 23:45,26/03/23 23:45,233.0,,,,0.0,1.0,232.0,7.2421875,0.0,569.33594,,279,866.0,,0.0,583.0,,
https://aax.amazon-adsystem.com/e/msdk/ads,COMPLETE,200,https,POST,text/javascript;charset=UTF-8,/192.168.29.247,42465,aax.amazon-adsystem.com/108.158.223.239,443,,26/03/23 23:45,26/03/23 23:45,26/03/23 23:45,26/03/23 23:45,674.0,,,,0.0,1.0,673.0,2.5029297,0.0,569.33594,,279,866.0,,0.0,583.0,,
https://pubads.g.doubleclick.net/gampad/ads?submodel=ASUS_X00ADC&native_templates=1%2C2%2C4%2C5&adid_p=1&format=336x280_as&native_version=3&omid_v=a.1.3.37-google_20220829&dv=224400003&hl=en&js=afma-sdk-a-v224400999.223712000.1&lv=223712200&ms=CuUDCuADmsA_ATEaOQH2YOg5i5YR_9Y62J0xuugHgjcjhpYBI_mJIXxgNH_N_bGDJrOsiGxoywmBSVsxrIPYLYssB06yWRKdAwM5rCIb3z2hUNZmMUc8KCyuHzZd3QMqdpvq7AG2VR2TI7DYJlIs_1JBNmcv6vYzx6QEV13p09QKvA-Teal_feziILEOByp_MISz63VALJwMN-XX6B0i5bU070_0RI5Q_xSOBqzQyzJeVTS3QKeuQUIwwDv2_zQMYli3UOFvKhp537HqRvs4jKk4EDfMH-55BsUAvKM3ndwLirOtq0TUc_mC4VmYAjmbHXwAwMVtFusFuJjJGnixjhEFcu38xJ66Ur4SldpvpNMBIvpv0RNtSsg7EPn78AXgpFbHDZcrj_8AwFmkZSr_MuAez4-l23z5cVAuZhxn0qYcxdIKezlL8mmpHei8Rj2d4BpOU3GVWvFXQ_azV1izDq6nLS9EBVQQhivYQa9tDEz_nvm17xpKTCyuxNiLvuIG79k6n3blARcayClBKrtRPFNQa1R6-SKbXB9vHiPSz1cSiFKe1Ar50GEmV3qjGey_K9fSnyTi0BK5yn2EnDnhAsrS5JZWCsbgwn3A51dXjDPsWgRUkK3-Dyfu1u8ZR-GCJmCcZncUIAQSlQIKgAI1W5eOVnTfpBj0vND15aOyc4sEAWgEFwXqxP6TAUeWhbHrDDPLKubJwhqsemIgZjcdX_VuQX-i_AE4Lr8nEXVvzzWbeH1osxIschR7-hqJbJ-eDkIwjgbxqkGS580yRObNQF9r4mT_ItfM8yVBNj3S2NwvEYyhGADJXDuPtOSTedfsW2aKQFrfxv4ZaliLWgY5KKfffJsmJa4ab1Fn2M4p2iByTyJm-2mnhz3DX_l4W7UoyX1GpXt7FFric7aMmkgLavgLEsBuYR5HSqejQG8JKxAw8_04KFbHsW5ONhfZ-3tjae-k-PDKFBn-pd0bsWfhlmjjyRMQ1HR-bEAOU1aqEhDqdcQXNk63ek8JUM70HFrT&mv=83451010.com.android.vending&sz=336x280%7C336x300%7C330x220%7C320x50%7C300x250%7C320x100%7C320x480%7C250x250%7C300x100&vnm=2023.4.11&ppid=5b02be4254236e4b017b3cac5fe5af54c85e5863e9bde2db62d80c8bca8dc8ea&u_sd=2&request_id=1271269384&target_api=31&is_sidewinder=false&fbs_aeid=-8292826767825712911&fbs_aiid=cca3c74961533b72e6e19e7ddb110514&seq_num=6&eid=318496669%2C318500618%2C318486317%2C318491267%2C318483611%2C318484497%2C318508155%2C318508018%2C318502753%2C318484909&guci=0.0.0.0.0.0.0.0&sdk_apis=7%2C8&omid_p=Google%2Fafma-sdk-a-v224400999.223712000.1&supporting_urls=https%253A%2F%2Fsharechat.com%2Fpost%2FJZwGanKn%253Fd%253Dn%2Chttps%253A%2F%2Fsharechat.com%2Fpost%2FJDmxdvV%253Fd%253Dn&cap=m&u_w=360&u_h=640&msid=in.mohalla.sharechat&an=230411.android.in.mohalla.sharechat&u_audio=3&net=wi&u_so=p&loeid=44766145&preqs_in_session=11&support_transparent_background=true&preqs=5&time_in_session=282260&output=html&region=mobile_app&u_tz=330&url=230411.android.in.mohalla.sharechat.adsenseformobileapps.com&gdfp_req=1&m_ast=afmajs&impl=ifr&iu=%2F21872722794%2Fwhitelist_post_feed_non_fullscreen-NonFirstFetch&correlator=1337815004269310&gsb=wi&ogsb=wi&apm_app_id=1%3A412826138735%3Aandroid%3A0c6d127fc2128b94&gmp_app_id=1%3A412826138735%3Aandroid%3A0c6d127fc2128b94&apm_app_type=1&lite=0&caps=inlineVideo_interactiveVideo_mraid1_mraid2_mraid3_sdkVideo_exo3_th_autoplay_mediation_scroll_av_av_transparentBackground_sdkAdmobApiForAds_di_aso_sfv_dinm_dim_nav_navc_dinmo_ipdof_gls_gcache_sai_demuxedGcache_xSeconds&bisch=false&blev=0.58&canm=false&_mv=83451010.com.android.vending&heap_free=0&heap_max=268435456&heap_total=172938880&wv_count=4&rdps=2100&cust_params=excl_cat%26manufacturer%3Dasus%26advFcapVariant%3Dcontrol%26gamAdCacheConfigExp%3Dvariant-3%26adapBidNetAdsBlock%3Dcontrol%26arsCtrExperiment%3Dcontrol%26adUnitId%3D%2F21872722794%2Fwhitelist_post_feed_non_fullscreen-NonFirstFetch%26arsdfexpv2%3Dcontrol%26devicePrice%3D10000%26forcedBidVariant%3Dcontrol%26amzn_b%3DJDesmHzhsJzoiac7t9ZlgPEAAAGHHyJBDQMAAA-qAgBhcHNfdHhuX2JpZDEgICBhcHNfdHhuX2ltcDEgICBCSGLl%26amzn_h%3Daax.amazon-adsystem.com%26appkey%3Deebe6519-279d-42d4-96b1-cacdacdaa545%26decile%3D9%26arsDfExpV2Variant%3Dcontrol%26arsdfexp%3Dcontrol%26adsUuid%3D7d5ed292-74c9-40f4-b740-afca6b831bda%26networkAdUnitVariant%3Dcontrol%26ctrctvr_model%3DRT_CM_VTR_AVG%23CVR_REAL_TIME%23ALL_SEP_CALIB_DF%23DYNAMIC_DECILE_CALIB_ALLBM%23CVR_Sep_CALIB%23CONTROL_QS%23CONTROL_QS%23CPM_CALIB_DEFAULT%23WITHOUT_CVR_NORM%23register_iab_l0_l1_appv2%23dfm_transact_swiggy_chatroom%23DECILE_FLOOR_BID%23OCPC_TCPA%23COMMON_FACTOR%26amznrdr%3Ddefault%26userId%3D925967679%26adsShown%3D2%26adsTotal%3D3%26customFloorBidExp%3Dcontrol%26splashConfigAdsUuid%3Dsplash%23bb5052d2-43d2-4e73-bcc5-594a65ad5d9d%26ageRangeV2%3D25-34%26feedType%3Dtrending%26experiment%3Dcontrol%26networkSpeed%3D847764%26cesV2Variant%3Dcontrol%26dc%3Ddub%26isv%3Dfalse%26ecpm%3D24%26deviceAge%3D3%26amznp%3D1l5x4w0%26model%3DASUS_X00ADC%26firstFeed%3Dfalse%26carrier%3Dnull%26directOnPremiumExp%3Dcontrol%26ad_placement%3DTRENDING_FEED%26androidVersion%3D23%26gamDirectVariantSc%3Dvariant-3%26decileAdsBlockExp%3Dcontrol%26priceBucket%3D3%26ageRangeLow%3D25-34%26immersiveAdExp%3Dcontrol%26adsFetched%3D3%26realisedBidExp%3Dcontrol%26ageRange%3D25-34%26appVersion%3D230411%26gamFalconExpVariant%3Dcontrol%26amznslots%3D1jfho8w%26fixPlaceBidVariant%3Dcontrol%26userLanguage%3DHindi%26a_adsuuid%3D7d5ed292-74c9-40f4-b740-afca6b831bda%26ageRangeHigh%3D25-34&is_lat=false&blob=ABPQqLENQj5yXAcU_ckUnBLBoyoTBn-rOiOn6k6NQMnPYkWUOedtHfSe6m2IUPgHAxWcyQ_OBz4pg3NOM5yq7HaN6qJkQDTFLYFoCyZ54PbRP7Wpead2jqJiPP7MsoP042cwrhQw7ci8JWhlfzyEIttnL9QK2eqr4b-t8VVqQdSg_UBkVAACoIKvuCENowCGTH6AQOaEI2NQc7iYWrY6ylEGBCN7ypUdZQNK-PO6X6rGLCshyQ7PX5slNi7IZUsBF2unhD3wf9-lsLTgZqeqozMe5QLKCK0D_yTuomvb158wIH85uaDhZ80zJE8eaSAqC852PXAMBBbQShZAjlk&ina=true&iba=true&d_imp=1&swipeable=0&unr=true&rmr=true&a3p=CrsLEgYIBhAMGAAaBggGEAwYACLsCmVKeDlWVzF2b2tvVS9pdkdUN3VKNHN3d3ZMV2ZCa1FsUlRDQWRwdmxaakxpMkpLaUdNVHViamY3Mys4WnNPM3V6YjNYRHhQT0MrY2Nudk04NDgraHgxWXJmOHFEYVRxOEdYNzlhemdhVGxuRytDcUpQVDlOZzJqTzQxVVd4SkVLSHk5VkJRbXBsL2greE8rRGFiWUFyMjRpNVp6ZThZMmZwSkFLUGxQRFJIdHpRd3ZtQm1HUVBhZ1crb2lPakpFMXduaUV6UkdHQjF0MVpiTVZSUGRFM3dwN1I5SFdRc1FSaFY0Z1UxSnFFZ2NaaGlOTlNGeW5mc0xaM0k4eXlGL1dyMlZWaVh4aWFHandLU3lQbCsrM0EzYmNOWFc1RzVnYTBqQ1k2VHJsWHhCaVUyL2dYc3BxbDArV1M1YzR5OXZCdDVmUEEzWTZWZkplYnUvS0Zzcm9scWFiZzA5M2kyd1pqZ1pWK1N3SGMxazgxNThIRzltY3kvcVlUeWkwOHA2YStpRHpDVVk2TkRHUUNaMklNMWpXMjdLU2cxVHNSVk8rVi9zNmMxbVVUOWhsVjhwaklTUFpmcXViNTFuZFhBZTluYm1waW45WW0zelNEdzl2dXZta1BHcUgra25BaDJybko5SEk0a20wS2dScEJCRmRveHBXcWE2eWRVUTdZNU9xR21vTFlJUmVQcEZIQmZOc0hVVit5TDA0OGJtL0FSRFZYaWxHZUVReE5lRWdGaHlvZTlMVkV4MVJLS2dPb2c2MTB5U2I4Wm5MZ1RnOGlOS01oYUUvVmJzVDFWbENlTW51ZkRERitYSUdLNWp5TkY0bm5uSkZNWjh2VTNCdVdMaGlDVnVxNWovellYbm04bkRKaHpkNVh5UWZqdktoT0QzemMva3FPN2R1T3hZMmtOVkYydklnWCt1ajVQVitmNVp0bDRBZEc2bmY5ZFVUUDdlaWFlV09OMUtjWVdzcUoyVHJ5RnNBZTJieE9wckMvQUhCWFQ3MDM4bnQ1ZkZSYkN2NWp6RzZBSDhSMWFXUFJIa09xK3BDVzBVbTN2NDQvUm41cGRpOFdybnJJRlN3OUJ2cHBhQmc2YmY4c1lvd25zLy93QzlPbFk0NkVRRUZGS0QrTkdCS2d4eW92d2s2S09keFBBLzltMzdEdmRKNlZTNzhZTDVRMGpBcDZnZUoyRks5a1NybWVNQWM4RVorZGg4bmR6eDdXS21RYXVJQ0pLRXkvbzFzRVBkWWtnUitBZ25kVW1kTVRXenRjV0U1YUx6ZFUzTk02VTZNSGNNMHhudHFtTHBCdHJvdG5mKytVSUNFNnloTEhqNHVsbGg5TlhzSENLampNVmdZejFMZVVXV3NCbVZlVjZlL1VMZ2ZNZmRQK3FVcUNsZ0Z5bW5qblVBWU9XT0VzUnhUc2pYSHdrUjRMR3pkS2l5OHhUWXhlcFN1bUwvcjZiZEtXZEFCaUUzTHNRMEtJdEFvc2RWTkZQVlgybHZuTVBaWUI2RThnclZnS2ZlL3hLdVFQWFN3dGMybFUwYzg5VVAxbVIrM2tob2doWFRGRG50ckZZTHU2VTZTb3JBcHdsUWdZaHFvb0tpd0NEYUxIVHdSZkt2Z3VXcFBGUy9xZzNabGx2WWlqN3Z5K0tpRUdzZFpoMDJIVzVZbGdidk8zckg1bjgxQTRjei8yQXVMR0xDMDErcStrWktmVDZMb1NVOElOWWhsbU5UdUpBRmthUjZoZVJmcnhkaldyYWo0UVI3cTVzZWJWQTJpRTlzeGU3RytpTEpTd3ZzOXh6R3dRUnhxa1Y1b29tM2xOV0xZR3VvMU52V2p0RitBK3F2NTlUY25WZUtEKjpjb20uZ29vZ2xlLmFkcy5tZWRpYXRpb24uZmFjZWJvb2suRmFjZWJvb2tNZWRpYXRpb25BZGFwdGVy&mr=6852228264171782636%2C-3403835092840676964&mr_itag=6852228264171782636_18~-3403835092840676964_22&jsv=sdk_20190107_RC02-production-sdk_20230315_RC00,COMPLETE,200,https,GET,text/html; charset=UTF-8,/192.168.29.247,49734,pubads.g.doubleclick.net/142.250.206.162,443,,26/03/23 23:45,26/03/23 23:45,26/03/23 23:45,26/03/23 23:45,525.0,,,,0.0,0.0,525.0,14.704102,0.0,0.0,,7905,,,0.0,0.0,,
https://pubads.g.doubleclick.net/gampad/ads?submodel=ASUS_X00ADC&native_templates=1%2C2%2C4%2C5&adid_p=1&format=336x280_as&native_version=3&omid_v=a.1.3.37-google_20220829&dv=224400003&hl=en&js=afma-sdk-a-v224400999.223712000.1&lv=223712200&ms=CuUDCuADmsA_ATEaOQH2YOg5i5YR_9Y62J0xuugHgjcjhpYBI_mJIXxgNH_N_bGDJrOsiGxoywmBSVsxrIPYLYssB06yWRKdAwM5rCIb3z2hUNZmMUc8KCyuHzZd3QMqdpvq7AG2VR2TI7DYJlIs_1JBNmcv6tBNxvp2B5c5RhKSSkjjrd2YsKBnQUj3t3X39c-5VDz9sEPouQ6rz_STS-3f0lvHWTgPD7mTBoY1cAypN4wNa16TP932c4WkqSSY1pdEJzUxUNTcViVuojLC9EURGR8qsNIVjg1RDPgx5RzYK8Lv78FDbhwFthwIX86j_E1-bc8Sb4OG5jVSNILXw32FgAxxw0lQgO9wD1ZhEBewHgg0OrYpPuBzy49ZdJpkfNmhE5WhgK4W4riByNsyg1EaiAP8JIEP42YTpVvKk4l7eaiWVh1JJvzXe3JcteTEQWUsxUlwWvMqey2O-nNGEBnEXb1vN0yCiNyZYvy7Av6BDJlNIrFPb01mC4P_Z9rqhHC0Bmx5gt4I9qC8w5Hbg1cdXGeju_URoZShuL2WhaUIztXWqPCsxUXmnkL79pzuD9KldpGJyMPotalCt1LiMTF0wyxz26Haf5kclei1jyza-YnOQUD-F5Ifb0QBcqYhxU9f-LaRIAQSlQIKgAJ4A9RRSIAxToiPDWiSUtLm0u8Un6O4GeyBLIT2CTjZAZ6d5EmkamAiG9P2GHHp2MflAMwlfNUPwp0XtctEwDpp-7ql-IzSjd7vhhIFuHqP1mDIQfeJNJC50NLjE6_ow_dKjyT6xInWJ29Zm-QKsPCQ3-apBz5ylfJj2o_DItfwlhX1Eu0cJ2gGRP5017tgTObSjrVTq9kWmnc1Y7Hl-6SlhAZZnI2DxcMvc3dwZ2d1GNczVZdlVCd8lm69hDntXIMxqD1mhs7OQzyR5eQuQZibs0iZbjepVkK1-Ljv47QGRGRMHS_n-Fjt2n0VKUKSMQg7gOVlrB-a9HfqFvPC8Bh4EhAqGctXyImQ5n56psFKuPdv&mv=83451010.com.android.vending&sz=336x280%7C336x300%7C330x220%7C320x50%7C300x250%7C320x100%7C320x480%7C250x250%7C300x100&vnm=2023.4.11&ppid=5b02be4254236e4b017b3cac5fe5af54c85e5863e9bde2db62d80c8bca8dc8ea&u_sd=2&request_id=708557149&target_api=31&is_sidewinder=false&fbs_aeid=-8292826767825712910&fbs_aiid=cca3c74961533b72e6e19e7ddb110514&seq_num=7&eid=318496669%2C318500618%2C318486317%2C318491267%2C318483611%2C318484497%2C318508155%2C318508018%2C318502753%2C318484909&guci=0.0.0.0.0.0.0.0&sdk_apis=7%2C8&omid_p=Google%2Fafma-sdk-a-v224400999.223712000.1&supporting_urls=https%253A%2F%2Fsharechat.com%2Fpost%2FwwPQEpW%253Fd%253Dn&cap=m&u_w=360&u_h=640&msid=in.mohalla.sharechat&an=230411.android.in.mohalla.sharechat&u_audio=3&net=wi&u_so=p&loeid=44766145&preqs_in_session=12&support_transparent_background=true&preqs=6&time_in_session=282510&output=html&region=mobile_app&u_tz=330&url=230411.android.in.mohalla.sharechat.adsenseformobileapps.com&gdfp_req=1&m_ast=afmajs&impl=ifr&iu=%2F21872722794%2Fwhitelist_post_feed_non_fullscreen-NonFirstFetch&correlator=2418567754316111&gsb=wi&ogsb=wi&apm_app_id=1%3A412826138735%3Aandroid%3A0c6d127fc2128b94&gmp_app_id=1%3A412826138735%3Aandroid%3A0c6d127fc2128b94&apm_app_type=1&lite=0&caps=inlineVideo_interactiveVideo_mraid1_mraid2_mraid3_sdkVideo_exo3_th_autoplay_mediation_scroll_av_av_transparentBackground_sdkAdmobApiForAds_di_aso_sfv_dinm_dim_nav_navc_dinmo_ipdof_gls_gcache_sai_demuxedGcache_xSeconds&bisch=false&blev=0.58&canm=false&_mv=83451010.com.android.vending&heap_free=0&heap_max=268435456&heap_total=175333296&wv_count=4&rdps=2100&cust_params=excl_cat%26manufacturer%3Dasus%26advFcapVariant%3Dcontrol%26gamAdCacheConfigExp%3Dvariant-3%26adapBidNetAdsBlock%3Dcontrol%26arsCtrExperiment%3Dcontrol%26adUnitId%3D%2F21872722794%2Fwhitelist_post_feed_non_fullscreen-NonFirstFetch%26arsdfexpv2%3Dcontrol%26devicePrice%3D10000%26forcedBidVariant%3Dcontrol%26amzn_b%3DJDC7zuFsQhfJwffxXUUq1xwAAAGHHyJDHQMAAA-qAgBhcHNfdHhuX2JpZDEgICBhcHNfdHhuX2ltcDEgICARHHV8%26amzn_h%3Daax.amazon-adsystem.com%26appkey%3Deebe6519-279d-42d4-96b1-cacdacdaa545%26decile%3D9%26arsDfExpV2Variant%3Dcontrol%26arsdfexp%3Dcontrol%26adsUuid%3D6ec8cf29-e83e-45f8-8dd8-d05258afaf30%26networkAdUnitVariant%3Dcontrol%26ctrctvr_model%3DRT_CM_VTR_AVG%23CVR_REAL_TIME%23ALL_SEP_CALIB_DF%23DYNAMIC_DECILE_CALIB_ALLBM%23CVR_Sep_CALIB%23CONTROL_QS%23CONTROL_QS%23CPM_CALIB_DEFAULT%23WITHOUT_CVR_NORM%23register_iab_l0_l1_appv2%23dfm_transact_swiggy_chatroom%23DECILE_FLOOR_BID%23OCPC_TCPA%23COMMON_FACTOR%26amznrdr%3Ddefault%26userId%3D925967679%26adsShown%3D2%26adsTotal%3D3%26customFloorBidExp%3Dcontrol%26splashConfigAdsUuid%3Dsplash%23bb5052d2-43d2-4e73-bcc5-594a65ad5d9d%26ageRangeV2%3D25-34%26feedType%3Dtrending%26experiment%3Dcontrol%26networkSpeed%3D847764%26cesV2Variant%3Dcontrol%26dc%3Ddub%26isv%3Dfalse%26ecpm%3D25%26deviceAge%3D3%26amznp%3D1l5x4w0%26model%3DASUS_X00ADC%26firstFeed%3Dfalse%26carrier%3Dnull%26directOnPremiumExp%3Dcontrol%26ad_placement%3DTRENDING_FEED%26androidVersion%3D23%26gamDirectVariantSc%3Dvariant-3%26decileAdsBlockExp%3Dcontrol%26priceBucket%3D3%26ageRangeLow%3D25-34%26immersiveAdExp%3Dcontrol%26adsFetched%3D3%26realisedBidExp%3Dcontrol%26ageRange%3D25-34%26appVersion%3D230411%26gamFalconExpVariant%3Dcontrol%26amznslots%3D1jfho8w%26fixPlaceBidVariant%3Dcontrol%26userLanguage%3DHindi%26a_adsuuid%3D6ec8cf29-e83e-45f8-8dd8-d05258afaf30%26ageRangeHigh%3D25-34&is_lat=false&blob=ABPQqLFXwEw5tDbEXDFJeHcLGrPehywSdp8iJ1pLI2EMVOoym7rdgWptsphsIUprd1jwj7wmSz-6EzYgJBBian9j0ovFom-Ts8Xt2_rne77CqYWdm1egUqsaIwopTIp1hu-xDiSFd4OszVPb-b3o49uBnLQRRPxc8FkS_HOPWxz7FhIp_QDkMY6u_O77PcfxZJu1EGHOY-WRF3EL0GAwsoipmLO-evmaYbYRJy4EqqALfI2X9obrmYC30_WrWgcr2JTOZbWtUb_dvdrPxhXqZ-qtMkotAkS3K1AHEHwnpKS43q-ZlXRPdkdVRu8pMOJt7LhbNnfH1s6i1MvLqVU&ina=true&iba=true&d_imp=1&swipeable=0&unr=true&rmr=true&a3p=CrsLEgYIBhAMGAAaBggGEAwYACLsCmVKeDlWVzF2b2tvVS9pdkdUN3VKNHN3d3ZMV2ZCa1FsUlRDQWRwdmxaakxpMkpLaUdNVHViamY3Mys4WnNPM3V6YjNYRHhQT0MrY2Nudk04NDgraHgxWXJmOHFEYVRxOEdYNzlhemdhVGxuRytDcUpQVDlOZzJqTzQxVVd4SkVLSHk5VkJRbXBsL2greE8rRGFiWUFyMjRpNVp6ZThZMmZwSkFLUGxQRFJIdHpRd3ZtQm1HUVBhZ1crb2lPakpFMXduaUV6UkdHQjF0MVpiTVZSUGRFM3dwN1I5SFdRc1FSaFY0Z1UxSnFFZ2NaaGlOTlNGeW5mc0xaM0k4eXlGL1dyMlZWaVh4aWFHandLU3lQbCsrM0EzYmNOWFc1RzVnYTBqQ1k2VHJsWHhCaVUyL2dYc3BxbDArV1M1YzR5OXZCdDVmUEEzWTZWZkplYnUvS0Zzcm9scWFiZzA5M2kyd1pqZ1pWK1N3SGMxazgxNThIRzltY3kvcVlUeWkwOHA2YStpRHpDVVk2TkRHUUNaMklNMWpXMjdLU2cxVHNSVk8rVi9zNmMxbVVUOWhsVjhwaklTUFpmcXViNTFuZFhBZTluYm1waW45WW0zelNEdzl2dXZta1BHcUgra25BaDJybko5SEk0a20wS2dScEJCRmRveHBXcWE2eWRVUTdZNU9xR21vTFlJUmVQcEZIQmZOc0hVVit5TDA0OGJtL0FSRFZYaWxHZUVReE5lRWdGaHlvZTlMVkV4MVJLS2dPb2c2MTB5U2I4Wm5MZ1RnOGlOS01oYUUvVmJzVDFWbENlTW51ZkRERitYSUdLNWp5TkY0bm5uSkZNWjh2VTNCdVdMaGlDVnVxNWovellYbm04bkRKaHpkNVh5UWZqdktoT0QzemMva3FPN2R1T3hZMmtOVkYydklnWCt1ajVQVitmNVp0bDRBZEc2bmY5ZFVUUDdlaWFlV09OMUtjWVdzcUoyVHJ5RnNBZTJieE9wckMvQUhCWFQ3MDM4bnQ1ZkZSYkN2NWp6RzZBSDhSMWFXUFJIa09xK3BDVzBVbTN2NDQvUm41cGRpOFdybnJJRlN3OUJ2cHBhQmc2YmY4c1lvd25zLy93QzlPbFk0NkVRRUZGS0QrTkdCS2d4eW92d2s2S09keFBBLzltMzdEdmRKNlZTNzhZTDVRMGpBcDZnZUoyRks5a1NybWVNQWM4RVorZGg4bmR6eDdXS21RYXVJQ0pLRXkvbzFzRVBkWWtnUitBZ25kVW1kTVRXenRjV0U1YUx6ZFUzTk02VTZNSGNNMHhudHFtTHBCdHJvdG5mKytVSUNFNnloTEhqNHVsbGg5TlhzSENLampNVmdZejFMZVVXV3NCbVZlVjZlL1VMZ2ZNZmRQK3FVcUNsZ0Z5bW5qblVBWU9XT0VzUnhUc2pYSHdrUjRMR3pkS2l5OHhUWXhlcFN1bUwvcjZiZEtXZEFCaUUzTHNRMEtJdEFvc2RWTkZQVlgybHZuTVBaWUI2RThnclZnS2ZlL3hLdVFQWFN3dGMybFUwYzg5VVAxbVIrM2tob2doWFRGRG50ckZZTHU2VTZTb3JBcHdsUWdZaHFvb0tpd0NEYUxIVHdSZkt2Z3VXcFBGUy9xZzNabGx2WWlqN3Z5K0tpRUdzZFpoMDJIVzVZbGdidk8zckg1bjgxQTRjei8yQXVMR0xDMDErcStrWktmVDZMb1NVOElOWWhsbU5UdUpBRmthUjZoZVJmcnhkaldyYWo0UVI3cTVzZWJWQTJpRTlzeGU3RytpTEpTd3ZzOXh6R3dRUnhxa1Y1b29tM2xOV0xZR3VvMU52V2p0RitBK3F2NTlUY25WZUtEKjpjb20uZ29vZ2xlLmFkcy5tZWRpYXRpb24uZmFjZWJvb2suRmFjZWJvb2tNZWRpYXRpb25BZGFwdGVy&jsv=sdk_20190107_RC02-production-sdk_20230315_RC00,COMPLETE,200,https,GET,text/html; charset=UTF-8,/192.168.29.247,43939,pubads.g.doubleclick.net/142.250.206.162,443,,26/03/23 23:45,26/03/23 23:45,26/03/23 23:45,26/03/23 23:45,578.0,,,,1.0,0.0,577.0,13.078125,7559.5703,0.0,,7741,,,0.0,0.0,,
https://pubads.g.doubleclick.net/gampad/ads?submodel=ASUS_X00ADC&native_templates=1%2C2%2C4%2C5&adid_p=1&format=336x280_as&native_version=3&omid_v=a.1.3.37-google_20220829&dv=224400003&hl=en&js=afma-sdk-a-v224400999.223712000.1&lv=223712200&ms=CuUDCuADmsA_ATEaOQH2YOg5i5YR_9Y62J0xuugHgjcjhpYBI_mJIXxgNH_N_bGDJrOsiGxoywmBSVsxrIPYLYssB06yWRKdAwM5rCIb3z2hUNZmMUc8KCyuHzZd3QMqdpvq7AG5VR2Tfd5-beIBJ5adknN9KnemdbqliULop3ul3LavQ5sKLWcqIHwQ4xfQmNQTcTd1mEVnW7KLfrvDVnLtVucHthgdC-iK5aajFnq9d8g6smRqefm6ypYmMs6cTDk73FD_-qBTtK6c1mlr5RDD6jp6NAPcVmDIbKuQZcPXmKZy6X1v7dQS_cce9IMxVhjd6JFrmgXnIi7w5ixymVWdoxJ2--iarpkSi3QegOgkFkYOs8f29r8p83SPScYUilIXugyltGFundEeDRw1DG_9uqWt_7n6CP9iOagCnVWvH8XoEvcpjNP3eykYjlEkzo1Bltwq-0hKTaDivGXcg-8gfcBDIO-QD-FXYgENNcCN25fO1_Rk0SDPxsowEIGpQ0t_gX1OLmtAS6BCFl6Hmv378uxPgJlnqXv0xCZqH7hrXG7olQHhC_lNY6WqY54D4G8DNrATVNoD8mN7NVfVGTNy-3tmxenI-STKOlZaTu6yU1ASpCUwEs166ClkVH6rqBrBSR6qIAQSlQIKgALKRyfbIK0ZGEmxFgMEg9eKksoJbEjgN5ZG6l8CRAwA6D5Id42McooUkCWF7y2q05PYiFyv_nMjbfBgyZvKNO-iU47rj7_wqVmviL0xCB6_WiRaViWxUItWfmumO6EXO3T68ivqkMeBJgYe_U12-cy6oRMPedpoQS4YqSaE6QKHWjxGIN3KD3MnVHvMPtkyD5TLG7ZAtJzcoFcKbgHSyhsioqNzb3SZ-dk-OBz_Dlm5Ehfw617AnW72WkWP2ulgnH4tpbpJwKeD5pC6nYFgfU_Byvc3U8x05CcX1x-EZzOJc1IIa-eDHSVNqqLvpr4yjJkddlk2qwjqDE4IP-l7f-oVEhDAjfphwjEFReVQ04aqh1tt&mv=83451010.com.android.vending&sz=336x280%7C336x300%7C330x220%7C320x50%7C300x250%7C320x100%7C320x480%7C250x250%7C300x100&vnm=2023.4.11&ppid=5b02be4254236e4b017b3cac5fe5af54c85e5863e9bde2db62d80c8bca8dc8ea&u_sd=2&request_id=423598492&target_api=31&is_sidewinder=false&fbs_aeid=-8292826767825712909&fbs_aiid=cca3c74961533b72e6e19e7ddb110514&seq_num=8&eid=318496669%2C318500618%2C318486317%2C318491267%2C318483611%2C318484497%2C318508155%2C318508018%2C318502753%2C318484909&guci=0.0.0.0.0.0.0.0&sdk_apis=7%2C8&omid_p=Google%2Fafma-sdk-a-v224400999.223712000.1&supporting_urls=https%253A%2F%2Fsharechat.com%2Fpost%2FJpJ699Z%253Fd%253Dn%2Chttps%253A%2F%2Fsharechat.com%2Fpost%2FJWxaMP6%253Fd%253Dn&cap=m&u_w=360&u_h=640&msid=in.mohalla.sharechat&an=230411.android.in.mohalla.sharechat&u_audio=3&net=wi&u_so=p&loeid=44766145&preqs_in_session=13&support_transparent_background=true&preqs=7&time_in_session=283380&output=html&region=mobile_app&u_tz=330&url=230411.android.in.mohalla.sharechat.adsenseformobileapps.com&gdfp_req=1&m_ast=afmajs&impl=ifr&iu=%2F21872722794%2Fwhitelist_post_feed_non_fullscreen-NonFirstFetch&correlator=2744477398015991&gsb=wi&ogsb=wi&apm_app_id=1%3A412826138735%3Aandroid%3A0c6d127fc2128b94&gmp_app_id=1%3A412826138735%3Aandroid%3A0c6d127fc2128b94&apm_app_type=1&lite=0&caps=inlineVideo_interactiveVideo_mraid1_mraid2_mraid3_sdkVideo_exo3_th_autoplay_mediation_scroll_av_av_transparentBackground_sdkAdmobApiForAds_di_aso_sfv_dinm_dim_nav_navc_dinmo_ipdof_gls_gcache_sai_demuxedGcache_xSeconds&bisch=false&blev=0.58&canm=false&_mv=83451010.com.android.vending&heap_free=0&heap_max=268435456&heap_total=176263504&wv_count=4&rdps=2100&cust_params=excl_cat%26manufacturer%3Dasus%26advFcapVariant%3Dcontrol%26gamAdCacheConfigExp%3Dvariant-3%26adapBidNetAdsBlock%3Dcontrol%26arsCtrExperiment%3Dcontrol%26adUnitId%3D%2F21872722794%2Fwhitelist_post_feed_non_fullscreen-NonFirstFetch%26arsdfexpv2%3Dcontrol%26devicePrice%3D10000%26forcedBidVariant%3Dcontrol%26amzn_b%3DJJDKB3AWToe6XKPJgtYshL4AAAGHHyJFrAMAAA-qAgBhcHNfdHhuX2JpZDEgICBhcHNfdHhuX2ltcDEgICDFOIPg%26amzn_h%3Daax.amazon-adsystem.com%26appkey%3Deebe6519-279d-42d4-96b1-cacdacdaa545%26decile%3D9%26arsDfExpV2Variant%3Dcontrol%26arsdfexp%3Dcontrol%26adsUuid%3Db6da6095-2b5a-4a48-9ebc-b408d6b932cf%26networkAdUnitVariant%3Dcontrol%26ctrctvr_model%3DRT_CM_VTR_AVG%23CVR_REAL_TIME%23ALL_SEP_CALIB_DF%23DYNAMIC_DECILE_CALIB_ALLBM%23CVR_Sep_CALIB%23CONTROL_QS%23CONTROL_QS%23CPM_CALIB_DEFAULT%23WITHOUT_CVR_NORM%23register_iab_l0_l1_appv2%23dfm_transact_swiggy_chatroom%23DECILE_FLOOR_BID%23OCPC_TCPA%23COMMON_FACTOR%26amznrdr%3Ddefault%26userId%3D925967679%26adsShown%3D2%26adsTotal%3D3%26customFloorBidExp%3Dcontrol%26splashConfigAdsUuid%3Dsplash%23bb5052d2-43d2-4e73-bcc5-594a65ad5d9d%26ageRangeV2%3D25-34%26feedType%3Dtrending%26experiment%3Dcontrol%26networkSpeed%3D847764%26cesV2Variant%3Dcontrol%26dc%3Ddub%26isv%3Dfalse%26ecpm%3D23%26deviceAge%3D3%26amznp%3D1l5x4w0%26model%3DASUS_X00ADC%26firstFeed%3Dfalse%26carrier%3Dnull%26directOnPremiumExp%3Dcontrol%26ad_placement%3DTRENDING_FEED%26androidVersion%3D23%26gamDirectVariantSc%3Dvariant-3%26decileAdsBlockExp%3Dcontrol%26priceBucket%3D3%26ageRangeLow%3D25-34%26immersiveAdExp%3Dcontrol%26adsFetched%3D3%26realisedBidExp%3Dcontrol%26ageRange%3D25-34%26appVersion%3D230411%26gamFalconExpVariant%3Dcontrol%26amznslots%3D1jfho8w%26fixPlaceBidVariant%3Dcontrol%26userLanguage%3DHindi%26a_adsuuid%3Db6da6095-2b5a-4a48-9ebc-b408d6b932cf%26ageRangeHigh%3D25-34&is_lat=false&blob=ABPQqLFtSkxC8Sa39P3lEoP7P4myL6EjTcrlAxl13Nrsz8eZsUQ6fd5X8OurF9WJpngZ8DceJL2PQ-kWvL0MJ3F4lG8RIQc2YMG8PWeEa8oNG3XUIETM7lA8KfAcTaGERwuQWCTphnKPtUZij-rXuTz5mV3Nja6iNrIkfs6m6YcUQYtXiABaIxXRZrB-sSb5KAlxQa7FMSC-Pw_uNWIo28HLCeV3K1wn0K4-rv_YjTlE9ZgGMTdvkoIX_XhBTgpkO7TVSwSTgfQJ3WVF-r348JMYeDa5cfWY6H8cc66GEAomaDi7TD6hzRTY2EgbDqWhfX0xk-LBcvgxvBmNj-I&ina=true&iba=true&d_imp=1&swipeable=0&unr=true&rmr=true&a3p=CrsLEgYIBhAMGAAaBggGEAwYACLsCmVKeDlWVzF2b2tvVS9pdkdUN3VKNHN3d3ZMV2ZCa1FsUlRDQWRwdmxaakxpMkpLaUdNVHViamY3Mys4WnNPM3V6YjNYRHhQT0MrY2Nudk04NDgraHgxWXJmOHFEYVRxOEdYNzlhemdhVGxuRytDcUpQVDlOZzJqTzQxVVd4SkVLSHk5VkJRbXBsL2greE8rRGFiWUFyMjRpNVp6ZThZMmZwSkFLUGxQRFJIdHpRd3ZtQm1HUVBhZ1crb2lPakpFMXduaUV6UkdHQjF0MVpiTVZSUGRFM3dwN1I5SFdRc1FSaFY0Z1UxSnFFZ2NaaGlOTlNGeW5mc0xaM0k4eXlGL1dyMlZWaVh4aWFHandLU3lQbCsrM0EzYmNOWFc1RzVnYTBqQ1k2VHJsWHhCaVUyL2dYc3BxbDArV1M1YzR5OXZCdDVmUEEzWTZWZkplYnUvS0Zzcm9scWFiZzA5M2kyd1pqZ1pWK1N3SGMxazgxNThIRzltY3kvcVlUeWkwOHA2YStpRHpDVVk2TkRHUUNaMklNMWpXMjdLU2cxVHNSVk8rVi9zNmMxbVVUOWhsVjhwaklTUFpmcXViNTFuZFhBZTluYm1waW45WW0zelNEdzl2dXZta1BHcUgra25BaDJybko5SEk0a20wS2dScEJCRmRveHBXcWE2eWRVUTdZNU9xR21vTFlJUmVQcEZIQmZOc0hVVit5TDA0OGJtL0FSRFZYaWxHZUVReE5lRWdGaHlvZTlMVkV4MVJLS2dPb2c2MTB5U2I4Wm5MZ1RnOGlOS01oYUUvVmJzVDFWbENlTW51ZkRERitYSUdLNWp5TkY0bm5uSkZNWjh2VTNCdVdMaGlDVnVxNWovellYbm04bkRKaHpkNVh5UWZqdktoT0QzemMva3FPN2R1T3hZMmtOVkYydklnWCt1ajVQVitmNVp0bDRBZEc2bmY5ZFVUUDdlaWFlV09OMUtjWVdzcUoyVHJ5RnNBZTJieE9wckMvQUhCWFQ3MDM4bnQ1ZkZSYkN2NWp6RzZBSDhSMWFXUFJIa09xK3BDVzBVbTN2NDQvUm41cGRpOFdybnJJRlN3OUJ2cHBhQmc2YmY4c1lvd25zLy93QzlPbFk0NkVRRUZGS0QrTkdCS2d4eW92d2s2S09keFBBLzltMzdEdmRKNlZTNzhZTDVRMGpBcDZnZUoyRks5a1NybWVNQWM4RVorZGg4bmR6eDdXS21RYXVJQ0pLRXkvbzFzRVBkWWtnUitBZ25kVW1kTVRXenRjV0U1YUx6ZFUzTk02VTZNSGNNMHhudHFtTHBCdHJvdG5mKytVSUNFNnloTEhqNHVsbGg5TlhzSENLampNVmdZejFMZVVXV3NCbVZlVjZlL1VMZ2ZNZmRQK3FVcUNsZ0Z5bW5qblVBWU9XT0VzUnhUc2pYSHdrUjRMR3pkS2l5OHhUWXhlcFN1bUwvcjZiZEtXZEFCaUUzTHNRMEtJdEFvc2RWTkZQVlgybHZuTVBaWUI2RThnclZnS2ZlL3hLdVFQWFN3dGMybFUwYzg5VVAxbVIrM2tob2doWFRGRG50ckZZTHU2VTZTb3JBcHdsUWdZaHFvb0tpd0NEYUxIVHdSZkt2Z3VXcFBGUy9xZzNabGx2WWlqN3Z5K0tpRUdzZFpoMDJIVzVZbGdidk8zckg1bjgxQTRjei8yQXVMR0xDMDErcStrWktmVDZMb1NVOElOWWhsbU5UdUpBRmthUjZoZVJmcnhkaldyYWo0UVI3cTVzZWJWQTJpRTlzeGU3RytpTEpTd3ZzOXh6R3dRUnhxa1Y1b29tM2xOV0xZR3VvMU52V2p0RitBK3F2NTlUY25WZUtEKjpjb20uZ29vZ2xlLmFkcy5tZWRpYXRpb24uZmFjZWJvb2suRmFjZWJvb2tNZWRpYXRpb25BZGFwdGVy&mr=6852228264171782636%2C-3403835092840676964&mr_itag=6852228264171782636_18~-3403835092840676964_22&jsv=sdk_20190107_RC02-production-sdk_20230315_RC00,COMPLETE,200,https,GET,text/html; charset=UTF-8,/192.168.29.247,44118,pubads.g.doubleclick.net/142.250.206.162,443,,26/03/23 23:45,26/03/23 23:45,26/03/23 23:45,26/03/23 23:45,563.0,,,,0.0,1.0,562.0,13.708008,0.0,0.0,,7903,,,0.0,0.0,,
https://aax-eu.amazon-adsystem.com/x/px/RDesmHzhsJzoiac7t9ZlgPEAAAGHHyJAygMAAA-qAgBhcHNfdHhuX2JpZDEgICBhcHNfdHhuX2ltcDEgICBCSGLl/%7B%22c%22%3A%22dtbm%22%2C%22dabtw%22%3A544%7D,COMPLETE,200,https,GET,image/gif,/192.168.29.247,45135,aax-eu.amazon-adsystem.com/52.95.115.196,443,,26/03/23 23:46,26/03/23 23:46,26/03/23 23:46,26/03/23 23:46,182.0,,,,0.0,0.0,182.0,1.9316406,0.0,0.0,,317,,,0.0,43.0,,
https://aax-eu.amazon-adsystem.com/x/px/RDC7zuFsQhfJwffxXUUq1xwAAAGHHyJC1QMAAA-qAgBhcHNfdHhuX2JpZDEgICBhcHNfdHhuX2ltcDEgICARHHV8/%7B%22c%22%3A%22dtbm%22%2C%22dabtw%22%3A433%7D,COMPLETE,200,https,GET,image/gif,/192.168.29.247,45135,aax-eu.amazon-adsystem.com/52.95.115.196,443,,26/03/23 23:46,26/03/23 23:46,26/03/23 23:46,26/03/23 23:46,191.0,,,,0.0,1.0,190.0,1.8398438,0.0,41.992188,,317,,,0.0,43.0,,
https://aax-eu.amazon-adsystem.com/x/px/RJDKB3AWToe6XKPJgtYshL4AAAGHHyJEhAMAAA-qAgBhcHNfdHhuX2JpZDEgICBhcHNfdHhuX2ltcDEgICDFOIPg/%7B%22c%22%3A%22dtbm%22%2C%22dabtw%22%3A789%7D,COMPLETE,200,https,GET,image/gif,/192.168.29.247,45135,aax-eu.amazon-adsystem.com/52.95.115.196,443,,26/03/23 23:46,26/03/23 23:46,26/03/23 23:46,26/03/23 23:46,191.0,,,,0.0,1.0,190.0,1.8398438,0.0,41.992188,,317,,,0.0,43.0,,
